Date,Open,High,Low,Close,Adj Close,Volume
"Mar 31, 2025",217.01,225.62,216.23,222.13,221.84,"65,299,300"
"Mar 28, 2025",221.67,223.81,217.68,217.90,217.61,"39,818,600"
"Mar 27, 2025",221.39,224.99,220.56,223.85,223.56,"37,094,800"
"Mar 26, 2025",223.51,225.02,220.47,221.53,221.24,"34,466,100"
"Mar 25, 2025",220.77,224.10,220.08,223.75,223.46,"34,493,600"
"Mar 24, 2025",221.00,221.48,218.58,220.73,220.44,"44,299,500"
"Mar 21, 2025",211.56,218.84,211.28,218.27,217.98,"94,127,800"
"Mar 20, 2025",213.99,217.49,212.22,214.10,213.82,"48,862,900"
"Mar 19, 2025",214.22,218.76,213.75,215.24,214.96,"54,385,400"
"Mar 18, 2025",214.16,215.15,211.49,212.69,212.41,"42,432,400"
"Mar 17, 2025",213.31,215.22,209.97,214.00,213.72,"48,073,400"
"Mar 14, 2025",211.25,213.95,209.58,213.49,213.21,"60,107,600"
"Mar 13, 2025",215.95,216.84,208.42,209.68,209.41,"61,368,300"
"Mar 12, 2025",220.14,221.75,214.91,216.98,216.70,"62,547,500"
"Mar 11, 2025",223.81,225.84,217.45,220.84,220.55,"76,137,400"
"Mar 10, 2025",235.54,236.16,224.22,227.48,227.18,"72,071,200"
"Mar 7, 2025",235.11,241.37,234.76,239.07,238.76,"46,273,600"
"Mar 6, 2025",234.44,237.86,233.16,235.33,235.02,"45,170,400"
"Mar 5, 2025",235.42,236.55,229.23,235.74,235.43,"47,227,600"
"Mar 4, 2025",237.71,240.07,234.68,235.93,235.62,"53,798,100"
"Mar 3, 2025",241.79,244.03,236.11,238.03,237.72,"47,184,000"
"Feb 28, 2025",236.95,242.09,230.20,241.84,241.52,"56,833,400"
"Feb 27, 2025",239.41,242.46,237.06,237.30,236.99,"41,153,600"
"Feb 26, 2025",244.33,244.98,239.13,240.36,240.05,"44,433,600"
"Feb 25, 2025",248.00,250.00,244.91,247.04,246.72,"48,013,300"
"Feb 24, 2025",244.93,248.86,244.42,247.10,246.78,"51,326,400"
"Feb 21, 2025",245.95,248.69,245.22,245.55,245.23,"53,197,400"
"Feb 20, 2025",244.94,246.78,244.29,245.83,245.51,"32,316,900"
"Feb 19, 2025",244.66,246.01,243.16,244.87,244.55,"32,204,200"
"Feb 18, 2025",244.15,245.18,241.84,244.47,244.15,"48,822,500"
"Feb 14, 2025",241.25,245.55,240.99,244.60,244.28,"40,896,200"
"Feb 13, 2025",236.91,242.34,235.57,241.53,241.21,"53,614,100"
"Feb 12, 2025",231.20,236.96,230.68,236.87,236.56,"45,243,300"
"Feb 11, 2025",228.20,235.23,228.13,232.62,232.32,"53,718,400"
"Feb 10, 2025",0.25 Dividend,,,,,
"Feb 10, 2025",229.57,230.59,227.20,227.65,227.35,"33,115,600"
"Feb 7, 2025",232.60,234.00,227.26,227.63,227.08,"39,707,200"
"Feb 6, 2025",231.29,233.80,230.43,233.22,232.66,"29,925,300"
"Feb 5, 2025",228.53,232.67,228.27,232.47,231.91,"39,620,300"
"Feb 4, 2025",227.25,233.13,226.65,232.80,232.24,"45,067,300"
"Feb 3, 2025",229.99,231.83,225.70,228.01,227.46,"73,063,300"
"Jan 31, 2025",247.19,247.19,233.44,236.00,235.43,"101,075,100"
"Jan 30, 2025",238.67,240.79,237.21,237.59,237.02,"55,658,300"
"Jan 29, 2025",234.12,239.86,234.01,239.36,238.78,"45,486,100"
"Jan 28, 2025",230.85,240.19,230.81,238.26,237.69,"75,707,600"
"Jan 27, 2025",224.02,232.15,223.98,229.86,229.31,"94,863,400"
"Jan 24, 2025",224.78,225.63,221.41,222.78,222.24,"54,697,900"
"Jan 23, 2025",224.74,227.03,222.30,223.66,223.12,"60,234,800"
"Jan 22, 2025",219.79,224.12,219.79,223.83,223.29,"64,126,500"
"Jan 21, 2025",224.00,224.42,219.38,222.64,222.10,"98,070,400"
"Jan 17, 2025",232.12,232.29,228.48,229.98,229.43,"68,488,300"
"Jan 16, 2025",237.35,238.01,228.03,228.26,227.71,"71,759,100"
"Jan 15, 2025",234.64,238.96,234.43,237.87,237.30,"39,832,000"
"Jan 14, 2025",234.75,236.12,232.47,233.28,232.72,"39,435,300"
"Jan 13, 2025",233.53,234.67,229.72,234.40,233.84,"49,630,700"
"Jan 10, 2025",240.01,240.16,233.00,236.85,236.28,"61,710,900"
"Jan 8, 2025",241.92,243.71,240.05,242.70,242.12,"37,628,900"
"Jan 7, 2025",242.98,245.55,241.35,242.21,241.63,"40,856,000"
"Jan 6, 2025",244.31,247.33,243.20,245.00,244.41,"45,045,600"
"Jan 3, 2025",243.36,244.18,241.89,243.36,242.77,"40,244,100"
"Jan 2, 2025",248.93,249.10,241.82,243.85,243.26,"55,740,700"
"Dec 31, 2024",252.44,253.28,249.43,250.42,249.82,"39,480,700"
"Dec 30, 2024",252.23,253.50,250.75,252.20,251.59,"35,557,500"
"Dec 27, 2024",257.83,258.70,253.06,255.59,254.97,"42,355,300"
"Dec 26, 2024",258.19,260.10,257.63,259.02,258.40,"27,237,100"
"Dec 24, 2024",255.49,258.21,255.29,258.20,257.58,"23,234,700"
"Dec 23, 2024",254.77,255.65,253.45,255.27,254.66,"40,858,800"
"Dec 20, 2024",248.04,255.00,245.69,254.49,253.88,"147,495,300"
"Dec 19, 2024",247.50,252.00,247.09,249.79,249.19,"60,882,300"
"Dec 18, 2024",252.16,254.28,247.74,248.05,247.45,"56,774,100"
"Dec 17, 2024",250.08,253.83,249.78,253.48,252.87,"51,356,400"
"Dec 16, 2024",247.99,251.38,247.65,251.04,250.44,"51,694,800"
"Dec 13, 2024",247.82,249.29,246.24,248.13,247.53,"33,155,300"
"Dec 12, 2024",246.89,248.74,245.68,247.96,247.36,"32,777,500"
"Dec 11, 2024",247.96,250.80,246.26,246.49,245.90,"45,205,800"
"Dec 10, 2024",246.89,248.21,245.34,247.77,247.17,"36,914,800"
"Dec 9, 2024",241.83,247.24,241.75,246.75,246.16,"44,649,200"
"Dec 6, 2024",242.91,244.63,242.08,242.84,242.26,"36,870,600"
"Dec 5, 2024",243.99,244.54,242.13,243.04,242.46,"40,033,900"
"Dec 4, 2024",242.87,244.11,241.25,243.01,242.43,"44,383,900"
"Dec 3, 2024",239.81,242.76,238.90,242.65,242.07,"38,861,000"
"Dec 2, 2024",237.27,240.79,237.16,239.59,239.01,"48,137,100"
"Nov 29, 2024",234.81,237.81,233.97,237.33,236.76,"28,481,400"
"Nov 27, 2024",234.47,235.69,233.81,234.93,234.36,"33,498,400"
"Nov 26, 2024",233.33,235.57,233.33,235.06,234.49,"45,986,200"
"Nov 25, 2024",231.46,233.25,229.74,232.87,232.31,"90,152,800"
"Nov 22, 2024",228.06,230.72,228.06,229.87,229.32,"38,168,300"
"Nov 21, 2024",228.88,230.16,225.71,228.52,227.97,"42,108,300"
"Nov 20, 2024",228.06,229.93,225.89,229.00,228.45,"35,169,600"
"Nov 19, 2024",226.98,230.16,226.66,228.28,227.73,"36,211,800"
"Nov 18, 2024",225.25,229.74,225.17,228.02,227.47,"44,686,000"
"Nov 15, 2024",226.40,226.92,224.27,225.00,224.46,"47,923,700"
"Nov 14, 2024",225.02,228.87,225.00,228.22,227.67,"44,923,900"
"Nov 13, 2024",224.01,226.65,222.76,225.12,224.58,"48,566,200"
"Nov 12, 2024",224.55,225.59,223.36,224.23,223.69,"40,398,300"
"Nov 11, 2024",225.00,225.70,221.50,224.23,223.69,"42,005,600"
"Nov 8, 2024",0.25 Dividend,,,,,
"Nov 8, 2024",227.17,228.66,226.41,226.96,226.41,"38,328,800"
"Nov 7, 2024",224.63,227.88,224.57,227.48,226.68,"42,137,700"
"Nov 6, 2024",222.61,226.07,221.19,222.72,221.94,"54,561,100"
"Nov 5, 2024",221.80,223.95,221.14,223.45,222.67,"28,111,300"
"Nov 4, 2024",220.99,222.79,219.71,222.01,221.23,"44,944,500"
"Nov 1, 2024",220.97,225.35,220.27,222.91,222.13,"65,276,700"
"Oct 31, 2024",229.34,229.83,225.37,225.91,225.12,"64,370,100"
"Oct 30, 2024",232.61,233.47,229.55,230.10,229.29,"47,070,900"
"Oct 29, 2024",233.10,234.33,232.32,233.67,232.85,"35,417,200"
"Oct 28, 2024",233.32,234.73,232.55,233.40,232.58,"36,087,100"
"Oct 25, 2024",229.74,233.22,229.57,231.41,230.60,"38,802,300"
"Oct 24, 2024",229.98,230.82,228.41,230.57,229.76,"31,109,500"
"Oct 23, 2024",234.08,235.14,227.76,230.76,229.95,"52,287,000"
"Oct 22, 2024",233.89,236.22,232.60,235.86,235.03,"38,846,600"
"Oct 21, 2024",234.45,236.85,234.45,236.48,235.65,"36,254,500"
"Oct 18, 2024",236.18,236.18,234.01,235.00,234.18,"46,431,500"
"Oct 17, 2024",233.43,233.85,230.52,232.15,231.34,"32,993,800"
"Oct 16, 2024",231.60,232.12,229.84,231.78,230.97,"34,082,200"
"Oct 15, 2024",233.61,237.49,232.37,233.85,233.03,"64,751,400"
"Oct 14, 2024",228.70,231.73,228.60,231.30,230.49,"39,882,100"
"Oct 11, 2024",229.30,229.41,227.34,227.55,226.75,"31,759,200"
"Oct 10, 2024",227.78,229.50,227.17,229.04,228.24,"28,183,500"
"Oct 9, 2024",225.23,229.75,224.83,229.54,228.74,"33,591,100"
"Oct 8, 2024",224.30,225.98,223.25,225.77,224.98,"31,855,700"
"Oct 7, 2024",224.50,225.69,221.33,221.69,220.91,"39,505,400"
"Oct 4, 2024",227.90,228.00,224.13,226.80,226.01,"37,245,100"
"Oct 3, 2024",225.14,226.81,223.32,225.67,224.88,"34,044,200"
"Oct 2, 2024",225.89,227.37,223.02,226.78,225.99,"32,880,600"
"Oct 1, 2024",229.52,229.65,223.74,226.21,225.42,"63,285,000"
"Sep 30, 2024",230.04,233.00,229.65,233.00,232.18,"54,541,900"
"Sep 27, 2024",228.46,229.52,227.30,227.79,226.99,"34,026,000"
"Sep 26, 2024",227.30,228.50,225.41,227.52,226.72,"36,636,700"
"Sep 25, 2024",224.93,227.29,224.02,226.37,225.58,"42,308,700"
"Sep 24, 2024",228.65,229.35,225.73,227.37,226.57,"43,556,100"
"Sep 23, 2024",227.34,229.45,225.81,226.47,225.68,"54,146,000"
"Sep 20, 2024",229.97,233.09,227.62,228.20,227.40,"318,679,900"
"Sep 19, 2024",224.99,229.82,224.63,228.87,228.07,"66,781,300"
"Sep 18, 2024",217.55,222.71,217.54,220.69,219.92,"59,894,900"
"Sep 17, 2024",215.75,216.90,214.50,216.79,216.03,"45,519,300"
"Sep 16, 2024",216.54,217.22,213.92,216.32,215.56,"59,357,400"
"Sep 13, 2024",223.58,224.04,221.91,222.50,221.72,"36,766,600"
"Sep 12, 2024",222.50,223.55,219.82,222.77,221.99,"37,498,200"
"Sep 11, 2024",221.46,223.09,217.89,222.66,221.88,"44,587,100"
"Sep 10, 2024",218.92,221.48,216.73,220.11,219.34,"51,591,000"
"Sep 9, 2024",220.82,221.27,216.71,220.91,220.14,"67,180,000"
"Sep 6, 2024",223.95,225.24,219.77,220.82,220.05,"48,423,000"
"Sep 5, 2024",221.63,225.48,221.52,222.38,221.60,"36,615,400"
"Sep 4, 2024",221.66,221.78,217.48,220.85,220.08,"43,840,200"
"Sep 3, 2024",228.55,229.00,221.17,222.77,221.99,"50,190,600"
"Aug 30, 2024",230.19,230.40,227.48,229.00,228.20,"52,990,800"
"Aug 29, 2024",230.10,232.92,228.88,229.79,228.99,"51,906,300"
"Aug 28, 2024",227.92,229.86,225.68,226.49,225.70,"38,052,200"
"Aug 27, 2024",226.00,228.85,224.89,228.03,227.23,"35,934,600"
"Aug 26, 2024",226.76,227.28,223.89,227.18,226.38,"30,602,200"
"Aug 23, 2024",225.66,228.22,224.33,226.84,226.05,"38,677,300"
"Aug 22, 2024",227.79,228.34,223.90,224.53,223.74,"43,695,300"
"Aug 21, 2024",226.52,227.98,225.05,226.40,225.61,"34,765,500"
"Aug 20, 2024",225.77,227.17,225.45,226.51,225.72,"30,299,000"
"Aug 19, 2024",225.72,225.99,223.04,225.89,225.10,"40,687,800"
"Aug 16, 2024",223.92,226.83,223.65,226.05,225.26,"44,340,200"
"Aug 15, 2024",224.60,225.35,222.76,224.72,223.93,"46,414,000"
"Aug 14, 2024",220.57,223.03,219.70,221.72,220.94,"41,960,600"
"Aug 13, 2024",219.01,221.89,219.01,221.27,220.49,"44,155,300"
"Aug 12, 2024",0.25 Dividend,,,,,
"Aug 12, 2024",216.07,219.51,215.60,217.53,216.77,"38,028,100"
"Aug 9, 2024",212.10,216.78,211.97,216.24,215.23,"42,201,600"
"Aug 8, 2024",213.11,214.20,208.83,213.31,212.32,"47,161,100"
"Aug 7, 2024",206.90,213.64,206.39,209.82,208.84,"63,516,400"
"Aug 6, 2024",205.30,209.99,201.07,207.23,206.27,"69,660,500"
"Aug 5, 2024",199.09,213.50,196.00,209.27,208.30,"119,548,600"
"Aug 2, 2024",219.15,225.60,217.71,219.86,218.84,"105,568,600"
"Aug 1, 2024",224.37,224.48,217.02,218.36,217.34,"62,501,000"
"Jul 31, 2024",221.44,223.82,220.63,222.08,221.05,"50,036,300"
"Jul 30, 2024",219.19,220.33,216.12,218.80,217.78,"41,643,800"
"Jul 29, 2024",216.96,219.30,215.75,218.24,217.22,"36,311,800"
"Jul 26, 2024",218.70,219.49,216.01,217.96,216.95,"41,601,300"
"Jul 25, 2024",218.93,220.85,214.62,217.49,216.48,"51,391,200"
"Jul 24, 2024",224.00,224.80,217.13,218.54,217.52,"61,777,600"
"Jul 23, 2024",224.37,226.94,222.68,225.01,223.96,"39,960,300"
"Jul 22, 2024",227.01,227.78,223.09,223.96,222.92,"48,201,800"
"Jul 19, 2024",224.82,226.80,223.28,224.31,223.27,"49,151,500"
"Jul 18, 2024",230.28,230.44,222.27,224.18,223.14,"66,034,600"
"Jul 17, 2024",229.45,231.46,226.64,228.88,227.81,"57,345,900"
"Jul 16, 2024",235.00,236.27,232.33,234.82,233.73,"43,234,300"
"Jul 15, 2024",236.48,237.23,233.09,234.40,233.31,"62,631,300"
"Jul 12, 2024",228.92,232.64,228.68,230.54,229.47,"53,046,500"
"Jul 11, 2024",231.39,232.39,225.77,227.57,226.51,"64,710,600"
"Jul 10, 2024",229.30,233.08,229.25,232.98,231.90,"62,627,700"
"Jul 9, 2024",227.93,229.40,226.37,228.68,227.62,"48,076,100"
"Jul 8, 2024",227.09,227.85,223.25,227.82,226.76,"59,085,900"
"Jul 5, 2024",221.65,226.45,221.65,226.34,225.29,"60,412,400"
"Jul 3, 2024",220.00,221.55,219.03,221.55,220.52,"37,369,800"
"Jul 2, 2024",216.15,220.38,215.10,220.27,219.24,"58,046,200"
"Jul 1, 2024",212.09,217.51,211.92,216.75,215.74,"60,402,900"
"Jun 28, 2024",215.77,216.07,210.30,210.62,209.64,"82,542,700"
"Jun 27, 2024",214.69,215.74,212.35,214.10,213.10,"49,772,700"
"Jun 26, 2024",211.50,214.86,210.64,213.25,212.26,"66,213,200"
"Jun 25, 2024",209.15,211.38,208.61,209.07,208.10,"56,713,900"
"Jun 24, 2024",207.72,212.70,206.59,208.14,207.17,"80,727,000"
"Jun 21, 2024",210.39,211.89,207.11,207.49,206.52,"246,421,400"
"Jun 20, 2024",213.93,214.24,208.85,209.68,208.70,"86,172,500"
"Jun 18, 2024",217.59,218.63,213.00,214.29,213.29,"79,943,300"
"Jun 17, 2024",213.37,218.95,212.72,216.67,215.66,"93,728,300"
"Jun 14, 2024",213.85,215.17,211.30,212.49,211.50,"70,122,700"
"Jun 13, 2024",214.74,216.75,211.60,214.24,213.24,"97,862,700"
"Jun 12, 2024",207.37,220.20,206.90,213.07,212.08,"198,134,300"
"Jun 11, 2024",193.65,207.16,193.63,207.15,206.19,"172,373,300"
"Jun 10, 2024",196.90,197.30,192.15,193.12,192.22,"97,262,100"
"Jun 7, 2024",194.65,196.94,194.14,196.89,195.97,"53,103,900"
"Jun 6, 2024",195.69,196.50,194.17,194.48,193.57,"41,181,800"
"Jun 5, 2024",195.40,196.90,194.87,195.87,194.96,"54,156,800"
"Jun 4, 2024",194.64,195.32,193.03,194.35,193.45,"47,471,400"
"Jun 3, 2024",192.90,194.99,192.52,194.03,193.13,"50,080,500"
"May 31, 2024",191.44,192.57,189.91,192.25,191.36,"75,158,300"
"May 30, 2024",190.76,192.18,190.63,191.29,190.40,"49,947,900"
"May 29, 2024",189.61,192.25,189.51,190.29,189.40,"53,068,000"
"May 28, 2024",191.51,193.00,189.10,189.99,189.11,"52,280,100"
"May 24, 2024",188.82,190.58,188.04,189.98,189.10,"36,294,600"
"May 23, 2024",190.98,191.00,186.63,186.88,186.01,"51,005,900"
"May 22, 2024",192.27,192.82,190.27,190.90,190.01,"34,648,500"
"May 21, 2024",191.09,192.73,190.92,192.35,191.45,"42,309,400"
"May 20, 2024",189.33,191.92,189.01,191.04,190.15,"44,361,300"
"May 17, 2024",189.51,190.81,189.18,189.87,188.99,"41,282,900"
"May 16, 2024",190.47,191.10,189.66,189.84,188.96,"52,845,200"
"May 15, 2024",187.91,190.65,187.37,189.72,188.84,"70,400,000"
"May 14, 2024",187.51,188.30,186.29,187.43,186.56,"52,393,600"
"May 13, 2024",185.44,187.10,184.62,186.28,185.41,"72,044,800"
"May 10, 2024",0.25 Dividend,,,,,
"May 10, 2024",184.90,185.09,182.13,183.05,182.20,"50,759,500"
"May 9, 2024",182.56,184.66,182.11,184.57,183.46,"48,983,000"
"May 8, 2024",182.85,183.07,181.45,182.74,181.64,"45,057,100"
"May 7, 2024",183.45,184.90,181.32,182.40,181.31,"77,305,800"
"May 6, 2024",182.35,184.20,180.42,181.71,180.62,"78,569,700"
"May 3, 2024",186.65,187.00,182.66,183.38,182.28,"163,224,100"
"May 2, 2024",172.51,173.42,170.89,173.03,171.99,"94,214,900"
"May 1, 2024",169.58,172.71,169.11,169.30,168.28,"50,383,100"
"Apr 30, 2024",173.33,174.99,170.00,170.33,169.31,"65,934,800"
"Apr 29, 2024",173.37,176.03,173.10,173.50,172.46,"68,169,400"
"Apr 26, 2024",169.88,171.34,169.18,169.30,168.28,"44,838,400"
"Apr 25, 2024",169.53,170.61,168.15,169.89,168.87,"50,558,300"
"Apr 24, 2024",166.54,169.30,166.21,169.02,168.01,"48,251,800"
"Apr 23, 2024",165.35,167.05,164.92,166.90,165.90,"49,537,800"
"Apr 22, 2024",165.52,167.26,164.77,165.84,164.84,"48,116,400"
"Apr 19, 2024",166.21,166.40,164.08,165.00,164.01,"67,772,100"
"Apr 18, 2024",168.03,168.64,166.55,167.04,166.04,"43,122,900"
"Apr 17, 2024",169.61,170.65,168.00,168.00,166.99,"50,901,200"
"Apr 16, 2024",171.75,173.76,168.27,169.38,168.36,"73,711,200"
"Apr 15, 2024",175.36,176.63,172.50,172.69,171.65,"73,531,800"
"Apr 12, 2024",174.26,178.36,174.21,176.55,175.49,"101,593,300"
"Apr 11, 2024",168.34,175.46,168.16,175.04,173.99,"91,070,300"
"Apr 10, 2024",168.80,169.09,167.11,167.78,166.77,"49,709,300"
"Apr 9, 2024",168.70,170.08,168.35,169.67,168.65,"42,451,200"
"Apr 8, 2024",169.03,169.20,168.24,168.45,167.44,"37,425,500"
"Apr 5, 2024",169.59,170.39,168.95,169.58,168.56,"42,055,200"
"Apr 4, 2024",170.29,171.92,168.82,168.82,167.81,"53,704,400"
"Apr 3, 2024",168.79,170.68,168.58,169.65,168.63,"47,691,700"
"Apr 2, 2024",169.08,169.34,168.23,168.84,167.83,"49,329,500"
"Apr 1, 2024",171.19,171.25,169.48,170.03,169.01,"46,240,500"
"Mar 28, 2024",171.75,172.23,170.51,171.48,170.45,"65,672,700"
"Mar 27, 2024",170.41,173.60,170.11,173.31,172.27,"60,273,300"
"Mar 26, 2024",170.00,171.42,169.58,169.71,168.69,"57,388,400"
"Mar 25, 2024",170.57,171.94,169.45,170.85,169.82,"54,288,300"
"Mar 22, 2024",171.76,173.05,170.06,172.28,171.25,"71,106,600"
"Mar 21, 2024",177.05,177.49,170.84,171.37,170.34,"106,181,300"
"Mar 20, 2024",175.72,178.67,175.09,178.67,177.60,"53,423,100"
"Mar 19, 2024",174.34,176.61,173.03,176.08,175.02,"55,215,200"
"Mar 18, 2024",175.57,177.71,173.52,173.72,172.68,"75,604,200"
"Mar 15, 2024",171.17,172.62,170.29,172.62,171.58,"121,664,700"
"Mar 14, 2024",172.91,174.31,172.05,173.00,171.96,"72,913,500"
"Mar 13, 2024",172.77,173.19,170.76,171.13,170.10,"52,488,700"
"Mar 12, 2024",173.15,174.03,171.01,173.23,172.19,"59,825,400"
"Mar 11, 2024",172.94,174.38,172.05,172.75,171.71,"60,139,500"
"Mar 8, 2024",169.00,173.70,168.94,170.73,169.71,"76,114,600"
"Mar 7, 2024",169.15,170.73,168.49,169.00,167.99,"71,765,100"
"Mar 6, 2024",171.06,171.24,168.68,169.12,168.10,"68,587,700"
"Mar 5, 2024",170.76,172.04,169.62,170.12,169.10,"95,132,400"
"Mar 4, 2024",176.15,176.90,173.79,175.10,174.05,"81,510,100"
"Mar 1, 2024",179.55,180.53,177.38,179.66,178.58,"73,488,000"
"Feb 29, 2024",181.27,182.57,179.53,180.75,179.66,"136,682,600"
"Feb 28, 2024",182.51,183.12,180.13,181.42,180.33,"48,953,900"
"Feb 27, 2024",181.10,183.92,179.56,182.63,181.53,"54,318,900"
"Feb 26, 2024",182.24,182.76,180.65,181.16,180.07,"40,867,400"
"Feb 23, 2024",185.01,185.04,182.23,182.52,181.42,"45,119,700"
"Feb 22, 2024",183.48,184.96,182.46,184.37,183.26,"52,292,200"
"Feb 21, 2024",181.94,182.89,180.66,182.32,181.23,"41,529,700"
"Feb 20, 2024",181.79,182.43,180.00,181.56,180.47,"53,665,600"
"Feb 16, 2024",183.42,184.85,181.67,182.31,181.22,"49,701,400"
"Feb 15, 2024",183.55,184.49,181.35,183.86,182.76,"65,434,500"
"Feb 14, 2024",185.32,185.53,182.44,184.15,183.04,"54,630,500"
"Feb 13, 2024",185.77,186.21,183.51,185.04,183.93,"56,529,500"
"Feb 12, 2024",188.42,188.67,186.79,187.15,186.03,"41,781,900"
"Feb 9, 2024",0.24 Dividend,,,,,
"Feb 9, 2024",188.65,189.99,188.00,188.85,187.72,"45,155,200"
"Feb 8, 2024",189.39,189.54,187.35,188.32,186.95,"40,962,000"
"Feb 7, 2024",190.64,191.05,188.61,189.41,188.03,"53,439,000"
"Feb 6, 2024",186.86,189.31,186.77,189.30,187.92,"43,490,800"
"Feb 5, 2024",188.15,189.25,185.84,187.68,186.32,"69,668,800"
"Feb 2, 2024",179.86,187.33,179.25,185.85,184.50,"102,518,000"
"Feb 1, 2024",183.99,186.95,183.82,186.86,185.50,"64,885,400"
"Jan 31, 2024",187.04,187.10,184.35,184.40,183.06,"55,467,800"
"Jan 30, 2024",190.94,191.80,187.47,188.04,186.67,"55,859,400"
"Jan 29, 2024",192.01,192.20,189.58,191.73,190.34,"47,145,600"
"Jan 26, 2024",194.27,194.76,191.94,192.42,191.02,"44,594,000"
"Jan 25, 2024",195.22,196.27,193.11,194.17,192.76,"54,822,100"
"Jan 24, 2024",195.42,196.38,194.34,194.50,193.09,"53,631,300"
"Jan 23, 2024",195.02,195.75,193.83,195.18,193.76,"42,355,600"
"Jan 22, 2024",192.30,195.33,192.26,193.89,192.48,"60,133,900"
"Jan 19, 2024",189.33,191.95,188.82,191.56,190.17,"68,741,000"
"Jan 18, 2024",186.09,189.14,185.83,188.63,187.26,"78,005,800"
"Jan 17, 2024",181.27,182.93,180.30,182.68,181.35,"47,317,400"
"Jan 16, 2024",182.16,184.26,180.93,183.63,182.30,"65,603,000"
"Jan 12, 2024",186.06,186.74,185.19,185.92,184.57,"40,444,700"
"Jan 11, 2024",186.54,187.05,183.62,185.59,184.24,"49,128,400"
"Jan 10, 2024",184.35,186.40,183.92,186.19,184.84,"46,792,900"
"Jan 9, 2024",183.92,185.15,182.73,185.14,183.79,"42,841,800"
"Jan 8, 2024",182.09,185.60,181.50,185.56,184.21,"59,144,500"
"Jan 5, 2024",181.99,182.76,180.17,181.18,179.86,"62,303,300"
"Jan 4, 2024",182.15,183.09,180.88,181.91,180.59,"71,983,600"
"Jan 3, 2024",184.22,185.88,183.43,184.25,182.91,"58,414,500"
"Jan 2, 2024",187.15,188.44,183.89,185.64,184.29,"82,488,700"
"Dec 29, 2023",193.90,194.40,191.73,192.53,191.13,"42,628,800"
"Dec 28, 2023",194.14,194.66,193.17,193.58,192.17,"34,049,900"
"Dec 27, 2023",192.49,193.50,191.09,193.15,191.75,"48,087,700"
"Dec 26, 2023",193.61,193.89,192.83,193.05,191.65,"28,919,300"
"Dec 22, 2023",195.18,195.41,192.97,193.60,192.19,"37,122,800"
"Dec 21, 2023",196.10,197.08,193.50,194.68,193.26,"46,482,500"
"Dec 20, 2023",196.90,197.68,194.83,194.83,193.41,"52,242,800"
"Dec 19, 2023",196.16,196.95,195.89,196.94,195.51,"40,714,100"
"Dec 18, 2023",196.09,196.63,194.39,195.89,194.47,"55,751,900"
"Dec 15, 2023",197.53,198.40,197.00,197.57,196.13,"128,256,700"
"Dec 14, 2023",198.02,199.62,196.16,198.11,196.67,"66,831,600"
"Dec 13, 2023",195.09,198.00,194.85,197.96,196.52,"70,404,200"
"Dec 12, 2023",193.08,194.72,191.72,194.71,193.29,"52,696,900"
"Dec 11, 2023",193.11,193.49,191.42,193.18,191.78,"60,943,700"
"Dec 8, 2023",194.20,195.99,193.67,195.71,194.29,"53,377,300"
"Dec 7, 2023",193.63,195.00,193.59,194.27,192.86,"47,477,700"
"Dec 6, 2023",194.45,194.76,192.11,192.32,190.92,"41,089,700"
"Dec 5, 2023",190.21,194.40,190.18,193.42,192.01,"66,628,400"
"Dec 4, 2023",189.98,190.05,187.45,189.43,188.05,"43,389,500"
"Dec 1, 2023",190.33,191.56,189.23,191.24,189.85,"45,679,300"
"Nov 30, 2023",189.84,190.32,188.19,189.95,188.57,"48,794,400"
"Nov 29, 2023",190.90,192.09,188.97,189.37,187.99,"43,014,200"
"Nov 28, 2023",189.78,191.08,189.40,190.40,189.02,"38,415,400"
"Nov 27, 2023",189.92,190.67,188.90,189.79,188.41,"40,552,600"
"Nov 24, 2023",190.87,190.90,189.25,189.97,188.59,"24,048,300"
"Nov 22, 2023",191.49,192.93,190.83,191.31,189.92,"39,617,700"
"Nov 21, 2023",191.41,191.52,189.74,190.64,189.25,"38,134,500"
"Nov 20, 2023",189.89,191.91,189.88,191.45,190.06,"46,505,100"
"Nov 17, 2023",190.25,190.38,188.57,189.69,188.31,"50,922,700"
"Nov 16, 2023",189.57,190.96,188.65,189.71,188.33,"54,412,900"
"Nov 15, 2023",187.85,189.50,187.78,188.01,186.64,"53,790,500"
"Nov 14, 2023",187.70,188.11,186.30,187.44,186.08,"60,108,400"
"Nov 13, 2023",185.82,186.03,184.21,184.80,183.46,"43,627,500"
"Nov 10, 2023",0.24 Dividend,,,,,
"Nov 10, 2023",183.97,186.57,183.53,186.40,185.04,"66,133,400"
"Nov 9, 2023",182.96,184.12,181.81,182.41,180.85,"53,763,500"
"Nov 8, 2023",182.35,183.45,181.59,182.89,181.32,"49,340,300"
"Nov 7, 2023",179.18,182.44,178.97,181.82,180.26,"70,530,000"
"Nov 6, 2023",176.38,179.43,176.21,179.23,177.69,"63,841,300"
"Nov 3, 2023",174.24,176.82,173.35,176.65,175.14,"79,763,700"
"Nov 2, 2023",175.52,177.78,175.46,177.57,176.05,"77,334,800"
"Nov 1, 2023",171.00,174.23,170.12,173.97,172.48,"56,934,900"
"Oct 31, 2023",169.35,170.90,167.90,170.77,169.31,"44,846,000"
"Oct 30, 2023",169.02,171.17,168.87,170.29,168.83,"51,131,000"
"Oct 27, 2023",166.91,168.96,166.83,168.22,166.78,"58,499,100"
"Oct 26, 2023",170.37,171.38,165.67,166.89,165.46,"70,625,300"
"Oct 25, 2023",171.88,173.06,170.65,171.10,169.63,"57,157,000"
"Oct 24, 2023",173.05,173.67,171.45,173.44,171.95,"43,816,600"
"Oct 23, 2023",170.91,174.01,169.93,173.00,171.52,"55,980,100"
"Oct 20, 2023",175.31,175.42,172.64,172.88,171.40,"64,189,300"
"Oct 19, 2023",176.04,177.84,175.19,175.46,173.96,"59,302,900"
"Oct 18, 2023",175.58,177.58,175.11,175.84,174.33,"54,764,400"
"Oct 17, 2023",176.65,178.42,174.80,177.15,175.63,"57,549,400"
"Oct 16, 2023",176.75,179.08,176.51,178.72,177.19,"52,517,000"
"Oct 13, 2023",181.42,181.93,178.14,178.85,177.32,"51,427,100"
"Oct 12, 2023",180.07,182.34,179.04,180.71,179.16,"56,743,100"
"Oct 11, 2023",178.20,179.85,177.60,179.80,178.26,"47,551,100"
"Oct 10, 2023",178.10,179.72,177.95,178.39,176.86,"43,698,000"
"Oct 9, 2023",176.81,179.05,175.80,178.99,177.46,"42,390,800"
"Oct 6, 2023",173.80,177.99,173.18,177.49,175.97,"57,224,100"
"Oct 5, 2023",173.79,175.45,172.68,174.91,173.41,"48,527,900"
"Oct 4, 2023",171.09,174.21,170.97,173.66,172.17,"53,020,300"
"Oct 3, 2023",172.26,173.63,170.82,172.40,170.92,"49,594,600"
"Oct 2, 2023",171.22,174.30,170.93,173.75,172.26,"52,164,500"
"Sep 29, 2023",172.02,173.07,170.34,171.21,169.74,"51,814,200"
"Sep 28, 2023",169.34,172.03,167.62,170.69,169.23,"56,294,400"
"Sep 27, 2023",172.62,173.04,169.05,170.43,168.97,"66,921,800"
"Sep 26, 2023",174.82,175.20,171.66,171.96,170.49,"64,588,900"
"Sep 25, 2023",174.20,176.97,174.15,176.08,174.57,"46,172,700"
"Sep 22, 2023",174.67,177.08,174.05,174.79,173.29,"56,725,400"
"Sep 21, 2023",174.55,176.30,173.86,173.93,172.44,"63,047,900"
"Sep 20, 2023",179.26,179.70,175.40,175.49,173.98,"58,436,200"
"Sep 19, 2023",177.52,179.63,177.13,179.07,177.53,"51,826,900"
"Sep 18, 2023",176.48,179.38,176.17,177.97,176.44,"67,257,600"
"Sep 15, 2023",176.48,176.50,173.82,175.01,173.51,"109,205,100"
"Sep 14, 2023",174.00,176.10,173.58,175.74,174.23,"60,895,800"
"Sep 13, 2023",176.51,177.30,173.98,174.21,172.72,"84,267,900"
"Sep 12, 2023",179.49,180.13,174.82,176.30,174.79,"90,370,200"
"Sep 11, 2023",180.07,180.30,177.34,179.36,177.82,"58,953,100"
"Sep 8, 2023",178.35,180.24,177.79,178.18,176.65,"65,551,300"
"Sep 7, 2023",175.18,178.21,173.54,177.56,176.04,"112,488,800"
"Sep 6, 2023",188.40,188.85,181.47,182.91,181.34,"81,755,800"
"Sep 5, 2023",188.28,189.98,187.61,189.70,188.07,"45,280,000"
"Sep 1, 2023",189.49,189.92,188.28,189.46,187.84,"45,732,600"
"Aug 31, 2023",187.84,189.12,187.48,187.87,186.26,"60,794,500"
"Aug 30, 2023",184.94,187.85,184.74,187.65,186.04,"60,813,900"
"Aug 29, 2023",179.70,184.90,179.50,184.12,182.54,"53,003,900"
"Aug 28, 2023",180.09,180.59,178.55,180.19,178.64,"43,820,700"
"Aug 25, 2023",177.38,179.15,175.82,178.61,177.08,"51,449,600"
"Aug 24, 2023",180.67,181.10,176.01,176.38,174.87,"54,945,800"
"Aug 23, 2023",178.52,181.55,178.33,181.12,179.57,"52,722,800"
"Aug 22, 2023",177.06,177.68,176.25,177.23,175.71,"42,084,200"
"Aug 21, 2023",175.07,176.13,173.74,175.84,174.33,"46,311,900"
"Aug 18, 2023",172.30,175.10,171.96,174.49,172.99,"61,114,200"
"Aug 17, 2023",177.14,177.51,173.48,174.00,172.51,"66,062,900"
"Aug 16, 2023",177.13,178.54,176.50,176.57,175.06,"46,964,900"
"Aug 15, 2023",178.88,179.48,177.05,177.45,175.93,"43,622,600"
"Aug 14, 2023",177.97,179.69,177.31,179.46,177.92,"43,675,600"
"Aug 11, 2023",0.24 Dividend,,,,,
"Aug 11, 2023",177.32,178.62,176.55,177.79,176.27,"51,988,100"
"Aug 10, 2023",179.48,180.75,177.60,177.97,176.21,"54,686,900"
"Aug 9, 2023",180.87,180.93,177.01,178.19,176.42,"60,378,500"
"Aug 8, 2023",179.69,180.27,177.58,179.80,178.02,"67,823,000"
"Aug 7, 2023",182.13,183.13,177.35,178.85,177.08,"97,576,100"
"Aug 4, 2023",185.52,187.38,181.92,181.99,180.19,"115,799,700"
"Aug 3, 2023",191.57,192.37,190.69,191.17,189.27,"61,235,200"
"Aug 2, 2023",195.04,195.18,191.85,192.58,190.67,"50,389,300"
"Aug 1, 2023",196.24,196.73,195.28,195.61,193.67,"35,175,100"
"Jul 31, 2023",196.06,196.49,195.26,196.45,194.50,"38,824,100"
"Jul 28, 2023",194.67,196.63,194.14,195.83,193.89,"48,291,400"
"Jul 27, 2023",196.02,197.20,192.55,193.22,191.30,"47,460,200"
"Jul 26, 2023",193.67,195.64,193.32,194.50,192.57,"47,471,900"
"Jul 25, 2023",193.33,194.44,192.92,193.62,191.70,"37,283,200"
"Jul 24, 2023",193.41,194.91,192.25,192.75,190.84,"45,377,800"
"Jul 21, 2023",194.10,194.97,191.23,191.94,190.04,"71,917,800"
"Jul 20, 2023",195.09,196.47,192.50,193.13,191.22,"59,581,200"
"Jul 19, 2023",193.10,198.23,192.65,195.10,193.17,"80,507,300"
"Jul 18, 2023",193.35,194.33,192.42,193.73,191.81,"48,353,800"
"Jul 17, 2023",191.90,194.32,191.81,193.99,192.07,"50,520,200"
"Jul 14, 2023",190.23,191.18,189.63,190.69,188.80,"41,573,900"
"Jul 13, 2023",190.50,191.19,189.78,190.54,188.65,"41,342,300"
"Jul 12, 2023",189.68,191.70,188.47,189.77,187.89,"60,750,200"
"Jul 11, 2023",189.16,189.30,186.60,188.08,186.22,"46,638,100"
"Jul 10, 2023",189.26,189.99,187.04,188.61,186.74,"59,922,200"
"Jul 7, 2023",191.41,192.67,190.24,190.68,188.79,"46,778,000"
"Jul 6, 2023",189.84,192.02,189.20,191.81,189.91,"45,094,300"
"Jul 5, 2023",191.57,192.98,190.62,191.33,189.43,"46,920,300"
"Jul 3, 2023",193.78,193.88,191.76,192.46,190.55,"31,458,200"
"Jun 30, 2023",191.63,194.48,191.26,193.97,192.05,"85,069,600"
"Jun 29, 2023",189.08,190.07,188.94,189.59,187.71,"46,347,300"
"Jun 28, 2023",187.93,189.90,187.60,189.25,187.37,"51,216,800"
"Jun 27, 2023",185.89,188.39,185.67,188.06,186.20,"50,730,800"
"Jun 26, 2023",186.83,188.05,185.23,185.27,183.43,"48,088,700"
"Jun 23, 2023",185.55,187.56,185.01,186.68,184.83,"53,079,300"
"Jun 22, 2023",183.74,187.05,183.67,187.00,185.15,"51,245,300"
"Jun 21, 2023",184.90,185.41,182.59,183.96,182.14,"49,515,700"
"Jun 20, 2023",184.41,186.10,184.41,185.01,183.18,"49,799,100"
"Jun 16, 2023",186.73,186.99,184.27,184.92,183.09,"101,235,600"
"Jun 15, 2023",183.96,186.52,183.78,186.01,184.17,"65,433,200"
"Jun 14, 2023",183.37,184.39,182.02,183.95,182.13,"57,462,900"
"Jun 13, 2023",182.80,184.15,182.44,183.31,181.49,"54,929,100"
"Jun 12, 2023",181.27,183.89,180.97,183.79,181.97,"54,274,900"
"Jun 9, 2023",181.50,182.23,180.63,180.96,179.17,"48,870,700"
"Jun 8, 2023",177.90,180.84,177.46,180.57,178.78,"50,214,900"
"Jun 7, 2023",178.44,181.21,177.32,177.82,176.06,"61,944,600"
"Jun 6, 2023",179.97,180.12,177.43,179.21,177.43,"64,848,400"
"Jun 5, 2023",182.63,184.95,178.04,179.58,177.80,"121,946,500"
"Jun 2, 2023",181.03,181.78,179.26,180.95,179.16,"61,945,900"
"Jun 1, 2023",177.70,180.12,176.93,180.09,178.30,"68,901,800"
"May 31, 2023",177.33,179.35,176.76,177.25,175.49,"99,625,300"
"May 30, 2023",176.96,178.99,176.57,177.30,175.54,"55,964,400"
"May 26, 2023",173.32,175.77,173.11,175.43,173.69,"54,835,000"
"May 25, 2023",172.41,173.90,171.69,172.99,171.28,"56,058,300"
"May 24, 2023",171.09,172.42,170.52,171.84,170.14,"45,143,500"
"May 23, 2023",173.13,173.38,171.28,171.56,169.86,"50,747,300"
"May 22, 2023",173.98,174.71,173.45,174.20,172.47,"43,570,900"
"May 19, 2023",176.39,176.39,174.94,175.16,173.42,"55,772,400"
"May 18, 2023",173.00,175.24,172.58,175.05,173.31,"65,496,700"
"May 17, 2023",171.71,172.93,170.42,172.69,170.98,"57,951,600"
"May 16, 2023",171.99,173.14,171.80,172.07,170.36,"42,110,300"
"May 15, 2023",173.16,173.21,171.47,172.07,170.36,"37,266,700"
"May 12, 2023",0.24 Dividend,,,,,
"May 12, 2023",173.62,174.06,171.00,172.57,170.86,"45,497,800"
"May 11, 2023",173.85,174.59,172.17,173.75,171.79,"49,514,700"
"May 10, 2023",173.02,174.03,171.90,173.56,171.60,"53,724,500"
"May 9, 2023",173.05,173.54,171.60,171.77,169.83,"45,326,900"
"May 8, 2023",172.48,173.85,172.11,173.50,171.54,"55,962,800"
"May 5, 2023",170.98,174.30,170.76,173.57,171.61,"113,316,400"
"May 4, 2023",164.89,167.04,164.31,165.79,163.92,"81,235,400"
"May 3, 2023",169.50,170.92,167.16,167.45,165.56,"65,136,000"
"May 2, 2023",170.09,170.35,167.54,168.54,166.64,"48,425,700"
"May 1, 2023",169.28,170.45,168.64,169.59,167.68,"52,472,900"
"Apr 28, 2023",168.49,169.85,167.88,169.68,167.77,"55,209,200"
"Apr 27, 2023",165.19,168.56,165.19,168.41,166.51,"64,902,300"
"Apr 26, 2023",163.06,165.28,162.80,163.76,161.91,"45,498,800"
"Apr 25, 2023",165.19,166.31,163.73,163.77,161.92,"48,714,100"
"Apr 24, 2023",165.00,165.60,163.89,165.33,163.46,"41,949,600"
"Apr 21, 2023",165.05,166.45,164.49,165.02,163.16,"58,337,300"
"Apr 20, 2023",166.09,167.87,165.56,166.65,164.77,"52,456,400"
"Apr 19, 2023",165.80,168.16,165.54,167.63,165.74,"47,720,200"
"Apr 18, 2023",166.10,167.41,165.65,166.47,164.59,"49,923,000"
"Apr 17, 2023",165.09,165.39,164.03,165.23,163.37,"41,516,200"
"Apr 14, 2023",164.59,166.32,163.82,165.21,163.35,"49,386,500"
"Apr 13, 2023",161.63,165.80,161.42,165.56,163.69,"68,445,600"
"Apr 12, 2023",161.22,162.06,159.78,160.10,158.29,"50,133,100"
"Apr 11, 2023",162.35,162.36,160.51,160.80,158.99,"47,644,200"
"Apr 10, 2023",161.42,162.03,160.08,162.03,160.20,"47,716,900"
"Apr 6, 2023",162.43,164.96,162.00,164.66,162.80,"45,390,100"
"Apr 5, 2023",164.74,165.05,161.80,163.76,161.91,"51,511,700"
"Apr 4, 2023",166.60,166.84,165.11,165.63,163.76,"46,278,300"
"Apr 3, 2023",164.27,166.29,164.22,166.17,164.30,"56,976,200"
"Mar 31, 2023",162.44,165.00,161.91,164.90,163.04,"68,749,800"
"Mar 30, 2023",161.53,162.47,161.27,162.36,160.53,"49,501,700"
"Mar 29, 2023",159.37,161.05,159.35,160.77,158.96,"51,305,700"
"Mar 28, 2023",157.97,158.49,155.98,157.65,155.87,"45,992,200"
"Mar 27, 2023",159.94,160.77,157.87,158.28,156.49,"52,390,300"
"Mar 24, 2023",158.86,160.34,157.85,160.25,158.44,"59,196,500"
"Mar 23, 2023",158.83,161.55,157.68,158.93,157.14,"67,622,100"
"Mar 22, 2023",159.30,162.14,157.81,157.83,156.05,"75,701,800"
"Mar 21, 2023",157.32,159.40,156.54,159.28,157.48,"73,938,300"
"Mar 20, 2023",155.07,157.82,154.15,157.40,155.62,"73,641,400"
"Mar 17, 2023",156.08,156.74,154.28,155.00,153.25,"98,944,600"
"Mar 16, 2023",152.16,156.46,151.64,155.85,154.09,"76,161,100"
"Mar 15, 2023",151.19,153.25,149.92,152.99,151.26,"77,167,900"
"Mar 14, 2023",151.28,153.40,150.10,152.59,150.87,"73,695,900"
"Mar 13, 2023",147.81,153.14,147.70,150.47,148.77,"84,457,100"
"Mar 10, 2023",150.21,150.94,147.61,148.50,146.82,"68,572,400"
"Mar 9, 2023",153.56,154.54,150.23,150.59,148.89,"53,833,600"
"Mar 8, 2023",152.81,153.47,151.83,152.87,151.15,"47,204,800"
"Mar 7, 2023",153.70,154.03,151.13,151.60,149.89,"56,182,000"
"Mar 6, 2023",153.79,156.30,153.46,153.83,152.09,"87,558,000"
"Mar 3, 2023",148.04,151.11,147.33,151.03,149.33,"70,732,300"
"Mar 2, 2023",144.38,146.71,143.90,145.91,144.26,"52,238,100"
"Mar 1, 2023",146.83,147.23,145.01,145.31,143.67,"55,479,000"
"Feb 28, 2023",147.05,149.08,146.83,147.41,145.75,"50,547,000"
"Feb 27, 2023",147.71,149.17,147.45,147.92,146.25,"44,998,500"
"Feb 24, 2023",147.11,147.19,145.72,146.71,145.06,"55,469,600"
"Feb 23, 2023",150.09,150.34,147.24,149.40,147.71,"48,394,200"
"Feb 22, 2023",148.87,149.95,147.16,148.91,147.23,"51,011,300"
"Feb 21, 2023",150.20,151.30,148.41,148.48,146.81,"58,867,200"
"Feb 17, 2023",152.35,153.00,150.85,152.55,150.83,"59,144,100"
"Feb 16, 2023",153.51,156.33,153.35,153.71,151.98,"68,167,900"
"Feb 15, 2023",153.11,155.50,152.88,155.33,153.58,"65,573,800"
"Feb 14, 2023",152.12,153.77,150.86,153.20,151.47,"61,707,600"
"Feb 13, 2023",150.95,154.26,150.92,153.85,152.11,"62,199,000"
"Feb 10, 2023",0.23 Dividend,,,,,
"Feb 10, 2023",149.46,151.34,149.22,151.01,149.31,"57,450,700"
"Feb 9, 2023",153.78,154.33,150.42,150.87,148.94,"56,007,100"
"Feb 8, 2023",153.88,154.58,151.17,151.92,149.98,"64,120,100"
"Feb 7, 2023",150.64,155.23,150.64,154.65,152.67,"83,322,600"
"Feb 6, 2023",152.57,153.10,150.78,151.73,149.79,"69,858,300"
"Feb 3, 2023",148.03,157.38,147.83,154.50,152.52,"154,357,300"
"Feb 2, 2023",148.90,151.18,148.17,150.82,148.89,"118,339,000"
"Feb 1, 2023",143.97,146.61,141.32,145.43,143.57,"77,663,600"
"Jan 31, 2023",142.70,144.34,142.28,144.29,142.44,"65,874,500"
"Jan 30, 2023",144.96,145.55,142.85,143.00,141.17,"64,015,300"
"Jan 27, 2023",143.16,147.23,143.08,145.93,144.06,"70,555,800"
"Jan 26, 2023",143.17,144.25,141.90,143.96,142.12,"54,105,100"
"Jan 25, 2023",140.89,142.43,138.81,141.86,140.05,"65,799,300"
"Jan 24, 2023",140.31,143.16,140.30,142.53,140.71,"66,435,100"
"Jan 23, 2023",138.12,143.32,137.90,141.11,139.31,"81,760,300"
"Jan 20, 2023",135.28,138.02,134.22,137.87,136.11,"80,223,600"
"Jan 19, 2023",134.08,136.25,133.77,135.27,133.54,"58,280,400"
"Jan 18, 2023",136.82,138.61,135.03,135.21,133.48,"69,672,800"
"Jan 17, 2023",134.83,137.29,134.13,135.94,134.20,"63,646,600"
"Jan 13, 2023",132.03,134.92,131.66,134.76,133.04,"57,809,700"
"Jan 12, 2023",133.88,134.26,131.44,133.41,131.70,"71,379,600"
"Jan 11, 2023",131.25,133.51,130.46,133.49,131.78,"69,458,900"
"Jan 10, 2023",130.26,131.26,128.12,130.73,129.06,"63,896,200"
"Jan 9, 2023",130.47,133.41,129.89,130.15,128.49,"70,790,800"
"Jan 6, 2023",126.01,130.29,124.89,129.62,127.96,"87,754,700"
"Jan 5, 2023",127.13,127.77,124.76,125.02,123.42,"80,962,700"
"Jan 4, 2023",126.89,128.66,125.08,126.36,124.74,"89,113,600"
"Jan 3, 2023",130.28,130.90,124.17,125.07,123.47,"112,117,500"
"Dec 30, 2022",128.41,129.95,127.43,129.93,128.27,"77,034,200"
"Dec 29, 2022",127.99,130.48,127.73,129.61,127.95,"75,703,700"
"Dec 28, 2022",129.67,131.03,125.87,126.04,124.43,"85,438,400"
"Dec 27, 2022",131.38,131.41,128.72,130.03,128.37,"69,007,800"
"Dec 23, 2022",130.92,132.42,129.64,131.86,130.17,"63,814,900"
"Dec 22, 2022",134.35,134.56,130.30,132.23,130.54,"77,852,100"
"Dec 21, 2022",132.98,136.81,132.75,135.45,133.72,"85,928,000"
"Dec 20, 2022",131.39,133.25,129.89,132.30,130.61,"77,432,800"
"Dec 19, 2022",135.11,135.20,131.32,132.37,130.68,"79,592,600"
"Dec 16, 2022",136.69,137.65,133.73,134.51,132.79,"160,156,900"
"Dec 15, 2022",141.11,141.80,136.03,136.50,134.75,"98,931,900"
"Dec 14, 2022",145.35,146.66,141.16,143.21,141.38,"82,291,200"
"Dec 13, 2022",149.50,149.97,144.24,145.47,143.61,"93,886,200"
"Dec 12, 2022",142.70,144.50,141.06,144.49,142.64,"70,462,700"
"Dec 9, 2022",142.34,145.57,140.90,142.16,140.34,"76,097,000"
"Dec 8, 2022",142.36,143.52,141.10,142.65,140.83,"62,128,300"
"Dec 7, 2022",142.19,143.37,140.00,140.94,139.14,"69,721,100"
"Dec 6, 2022",147.07,147.30,141.92,142.91,141.08,"64,727,200"
"Dec 5, 2022",147.77,150.92,145.77,146.63,144.75,"68,826,400"
"Dec 2, 2022",145.96,148.00,145.65,147.81,145.92,"65,447,400"
"Dec 1, 2022",148.21,149.13,146.61,148.31,146.41,"71,250,400"
"Nov 30, 2022",141.40,148.72,140.55,148.03,146.14,"111,380,900"
"Nov 29, 2022",144.29,144.81,140.35,141.17,139.36,"83,763,800"
"Nov 28, 2022",145.14,146.64,143.38,144.22,142.38,"69,246,000"
"Nov 25, 2022",148.31,148.88,147.12,148.11,146.22,"35,195,900"
"Nov 23, 2022",149.45,151.83,149.34,151.07,149.14,"58,301,400"
"Nov 22, 2022",148.13,150.42,146.93,150.18,148.26,"51,804,100"
"Nov 21, 2022",150.16,150.37,147.72,148.01,146.12,"58,724,100"
"Nov 18, 2022",152.31,152.70,149.97,151.29,149.36,"74,829,600"
"Nov 17, 2022",146.43,151.48,146.15,150.72,148.79,"80,389,400"
"Nov 16, 2022",149.13,149.87,147.29,148.79,146.89,"64,218,300"
"Nov 15, 2022",152.22,153.59,148.56,150.04,148.12,"89,868,300"
"Nov 14, 2022",148.97,150.28,147.43,148.28,146.38,"73,374,100"
"Nov 11, 2022",145.82,150.01,144.37,149.70,147.79,"93,979,700"
"Nov 10, 2022",141.24,146.87,139.50,146.87,144.99,"118,854,000"
"Nov 9, 2022",138.50,138.55,134.59,134.87,133.15,"74,917,800"
"Nov 8, 2022",140.41,141.43,137.49,139.50,137.72,"89,908,500"
"Nov 7, 2022",137.11,139.15,135.67,138.92,137.14,"83,374,600"
"Nov 4, 2022",0.23 Dividend,,,,,
"Nov 4, 2022",142.09,142.67,134.38,138.38,136.61,"140,814,800"
"Nov 3, 2022",142.06,142.80,138.75,138.88,136.88,"97,918,500"
"Nov 2, 2022",148.95,152.17,145.00,145.03,142.94,"93,604,600"
"Nov 1, 2022",155.08,155.45,149.13,150.65,148.48,"80,379,300"
"Oct 31, 2022",153.16,154.24,151.92,153.34,151.13,"97,943,200"
"Oct 28, 2022",148.20,157.50,147.82,155.74,153.49,"164,762,400"
"Oct 27, 2022",148.07,149.05,144.13,144.80,142.71,"109,180,200"
"Oct 26, 2022",150.96,151.99,148.04,149.35,147.20,"88,194,300"
"Oct 25, 2022",150.09,152.49,149.36,152.34,150.14,"74,732,300"
"Oct 24, 2022",147.19,150.23,146.00,149.45,147.29,"75,981,900"
"Oct 21, 2022",142.87,147.85,142.65,147.27,145.15,"86,548,600"
"Oct 20, 2022",143.02,145.89,142.65,143.39,141.32,"64,522,000"
"Oct 19, 2022",141.69,144.95,141.50,143.86,141.79,"61,758,300"
"Oct 18, 2022",145.49,146.70,140.61,143.75,141.68,"99,136,600"
"Oct 17, 2022",141.07,142.90,140.27,142.41,140.36,"85,250,900"
"Oct 14, 2022",144.31,144.52,138.19,138.38,136.38,"88,598,000"
"Oct 13, 2022",134.99,143.59,134.37,142.99,140.93,"113,224,000"
"Oct 12, 2022",139.13,140.36,138.16,138.34,136.34,"70,433,700"
"Oct 11, 2022",139.90,141.35,138.22,138.98,136.98,"77,033,700"
"Oct 10, 2022",140.42,141.89,138.57,140.42,138.39,"74,899,000"
"Oct 7, 2022",142.54,143.10,139.45,140.09,138.07,"85,925,600"
"Oct 6, 2022",145.81,147.54,145.22,145.43,143.33,"68,402,200"
"Oct 5, 2022",144.07,147.38,143.01,146.40,144.29,"79,471,000"
"Oct 4, 2022",145.03,146.22,144.26,146.10,143.99,"87,830,100"
"Oct 3, 2022",138.21,143.07,137.69,142.45,140.40,"114,311,700"
"Sep 30, 2022",141.28,143.10,138.00,138.20,136.21,"124,925,300"
"Sep 29, 2022",146.10,146.72,140.68,142.48,140.43,"128,138,200"
"Sep 28, 2022",147.64,150.64,144.84,149.84,147.68,"146,691,400"
"Sep 27, 2022",152.74,154.72,149.95,151.76,149.57,"84,442,700"
"Sep 26, 2022",149.66,153.77,149.64,150.77,148.60,"93,339,400"
"Sep 23, 2022",151.19,151.47,148.56,150.43,148.26,"96,029,900"
"Sep 22, 2022",152.38,154.47,150.91,152.74,150.54,"86,652,500"
"Sep 21, 2022",157.34,158.74,153.60,153.72,151.50,"101,696,800"
"Sep 20, 2022",153.40,158.08,153.08,156.90,154.64,"107,689,800"
"Sep 19, 2022",149.31,154.56,149.10,154.48,152.25,"81,474,200"
"Sep 16, 2022",151.21,151.35,148.37,150.70,148.53,"162,278,800"
"Sep 15, 2022",154.65,155.24,151.38,152.37,150.17,"90,481,100"
"Sep 14, 2022",154.79,157.10,153.61,155.31,153.07,"87,965,400"
"Sep 13, 2022",159.90,160.54,153.37,153.84,151.62,"122,656,600"
"Sep 12, 2022",159.59,164.26,159.30,163.43,161.07,"104,956,000"
"Sep 9, 2022",155.47,157.82,154.75,157.37,155.10,"68,028,800"
"Sep 8, 2022",154.64,156.36,152.68,154.46,152.23,"84,923,800"
"Sep 7, 2022",154.82,156.67,153.61,155.96,153.71,"87,449,600"
"Sep 6, 2022",156.47,157.09,153.69,154.53,152.30,"73,714,800"
"Sep 2, 2022",159.75,160.36,154.97,155.81,153.56,"76,957,800"
"Sep 1, 2022",156.64,158.42,154.67,157.96,155.68,"74,229,900"
"Aug 31, 2022",160.31,160.58,157.14,157.22,154.95,"87,991,100"
"Aug 30, 2022",162.13,162.56,157.72,158.91,156.62,"77,906,200"
"Aug 29, 2022",161.15,162.90,159.82,161.38,159.05,"73,314,000"
"Aug 26, 2022",170.57,171.05,163.56,163.62,161.26,"78,961,000"
"Aug 25, 2022",168.78,170.14,168.35,170.03,167.58,"51,218,200"
"Aug 24, 2022",167.32,168.11,166.25,167.53,165.11,"53,841,500"
"Aug 23, 2022",167.08,168.71,166.65,167.23,164.82,"54,147,100"
"Aug 22, 2022",169.69,169.86,167.14,167.57,165.15,"69,026,800"
"Aug 19, 2022",173.03,173.74,171.31,171.52,169.05,"70,346,300"
"Aug 18, 2022",173.75,174.90,173.12,174.15,171.64,"62,290,100"
"Aug 17, 2022",172.77,176.15,172.57,174.55,172.03,"79,542,000"
"Aug 16, 2022",172.78,173.71,171.66,173.03,170.53,"56,377,100"
"Aug 15, 2022",171.52,173.39,171.35,173.19,170.69,"54,091,700"
"Aug 12, 2022",169.82,172.17,169.40,172.10,169.62,"68,039,400"
"Aug 11, 2022",170.06,170.99,168.19,168.49,166.06,"57,149,200"
"Aug 10, 2022",167.68,169.34,166.90,169.24,166.80,"70,170,500"
"Aug 9, 2022",164.02,165.82,163.25,164.92,162.54,"63,135,500"
"Aug 8, 2022",166.37,167.81,164.20,164.87,162.49,"60,276,900"
"Aug 5, 2022",0.23 Dividend,,,,,
"Aug 5, 2022",163.21,165.85,163.00,165.35,162.97,"56,697,000"
"Aug 4, 2022",166.01,167.19,164.43,165.81,163.19,"55,474,100"
"Aug 3, 2022",160.84,166.59,160.75,166.13,163.51,"82,507,500"
"Aug 2, 2022",160.10,162.41,159.63,160.01,157.48,"59,907,000"
"Aug 1, 2022",161.01,163.59,160.89,161.51,158.96,"67,829,400"
"Jul 29, 2022",161.24,163.63,159.50,162.51,159.94,"101,786,900"
"Jul 28, 2022",156.98,157.64,154.41,157.35,154.87,"81,378,700"
"Jul 27, 2022",152.58,157.33,152.16,156.79,154.31,"78,620,700"
"Jul 26, 2022",152.26,153.09,150.80,151.60,149.21,"55,138,700"
"Jul 25, 2022",154.01,155.04,152.28,152.95,150.53,"53,623,900"
"Jul 22, 2022",155.39,156.28,153.41,154.09,151.66,"66,675,400"
"Jul 21, 2022",154.50,155.57,151.94,155.35,152.90,"65,086,600"
"Jul 20, 2022",151.12,153.72,150.37,153.04,150.62,"64,823,400"
"Jul 19, 2022",147.92,151.23,146.91,151.00,148.62,"82,982,400"
"Jul 18, 2022",150.74,151.57,146.70,147.07,144.75,"81,420,900"
"Jul 15, 2022",149.78,150.86,148.20,150.17,147.80,"76,259,900"
"Jul 14, 2022",144.08,148.95,143.25,148.47,146.13,"78,140,700"
"Jul 13, 2022",142.99,146.45,142.12,145.49,143.19,"71,185,600"
"Jul 12, 2022",145.76,148.45,145.05,145.86,143.56,"77,588,800"
"Jul 11, 2022",145.67,146.64,143.78,144.87,142.58,"63,141,600"
"Jul 8, 2022",145.26,147.55,145.00,147.04,144.72,"64,547,800"
"Jul 7, 2022",143.29,146.55,143.28,146.35,144.04,"66,253,700"
"Jul 6, 2022",141.35,144.12,141.08,142.92,140.66,"74,064,300"
"Jul 5, 2022",137.77,141.61,136.93,141.56,139.32,"73,353,800"
"Jul 1, 2022",136.04,139.04,135.66,138.93,136.74,"71,051,600"
"Jun 30, 2022",137.25,138.37,133.77,136.72,134.56,"98,964,500"
"Jun 29, 2022",137.46,140.67,136.67,139.23,137.03,"66,242,400"
"Jun 28, 2022",142.13,143.42,137.32,137.44,135.27,"67,083,400"
"Jun 27, 2022",142.70,143.49,140.97,141.66,139.42,"70,207,900"
"Jun 24, 2022",139.90,141.91,139.77,141.66,139.42,"89,116,800"
"Jun 23, 2022",136.82,138.59,135.63,138.27,136.09,"72,433,800"
"Jun 22, 2022",134.79,137.76,133.91,135.35,133.21,"73,409,200"
"Jun 21, 2022",133.42,137.06,133.32,135.87,133.72,"81,000,500"
"Jun 17, 2022",130.07,133.08,129.81,131.56,129.48,"134,520,300"
"Jun 16, 2022",132.08,132.39,129.04,130.06,128.01,"108,123,900"
"Jun 15, 2022",134.29,137.34,132.16,135.43,133.29,"91,533,000"
"Jun 14, 2022",133.13,133.89,131.48,132.76,130.66,"84,784,300"
"Jun 13, 2022",132.87,135.20,131.44,131.88,129.80,"122,207,100"
"Jun 10, 2022",140.28,140.76,137.06,137.13,134.96,"91,437,900"
"Jun 9, 2022",147.08,147.95,142.53,142.64,140.39,"69,473,000"
"Jun 8, 2022",148.58,149.87,147.46,147.96,145.62,"53,950,200"
"Jun 7, 2022",144.35,149.00,144.10,148.71,146.36,"67,808,200"
"Jun 6, 2022",147.03,148.57,144.90,146.14,143.83,"71,598,400"
"Jun 3, 2022",146.90,147.97,144.46,145.38,143.08,"88,570,300"
"Jun 2, 2022",147.83,151.27,146.86,151.21,148.82,"72,348,100"
"Jun 1, 2022",149.90,151.74,147.68,148.71,146.36,"74,286,600"
"May 31, 2022",149.07,150.66,146.84,148.84,146.49,"103,718,400"
"May 27, 2022",145.39,149.68,145.26,149.64,147.28,"90,978,500"
"May 26, 2022",137.39,144.34,137.14,143.78,141.51,"90,601,500"
"May 25, 2022",138.43,141.79,138.34,140.52,138.30,"92,482,700"
"May 24, 2022",140.81,141.97,137.33,140.36,138.14,"104,132,700"
"May 23, 2022",137.79,143.26,137.65,143.11,140.85,"117,726,300"
"May 20, 2022",139.09,140.70,132.61,137.59,135.42,"137,426,100"
"May 19, 2022",139.88,141.66,136.60,137.35,135.18,"136,095,600"
"May 18, 2022",146.85,147.36,139.90,140.82,138.60,"109,742,900"
"May 17, 2022",148.86,149.77,146.68,149.24,146.88,"78,336,300"
"May 16, 2022",145.55,147.52,144.18,145.54,143.24,"86,643,800"
"May 13, 2022",144.59,148.10,143.11,147.11,144.79,"113,990,900"
"May 12, 2022",142.77,146.20,138.80,142.56,140.31,"182,602,000"
"May 11, 2022",153.50,155.45,145.81,146.50,144.19,"142,689,800"
"May 10, 2022",155.52,156.74,152.93,154.51,152.07,"115,366,700"
"May 9, 2022",154.93,155.83,151.49,152.06,149.66,"131,577,900"
"May 6, 2022",0.23 Dividend,,,,,
"May 6, 2022",156.01,159.44,154.18,157.28,154.80,"116,124,600"
"May 5, 2022",163.85,164.08,154.95,156.77,154.07,"130,525,300"
"May 4, 2022",159.67,166.48,159.26,166.02,163.16,"108,256,500"
"May 3, 2022",158.15,160.71,156.32,159.48,156.73,"88,966,500"
"May 2, 2022",156.71,158.23,153.27,157.96,155.24,"123,055,300"
"Apr 29, 2022",161.84,166.20,157.25,157.65,154.93,"131,747,600"
"Apr 28, 2022",159.25,164.52,158.93,163.64,160.82,"130,216,800"
"Apr 27, 2022",155.91,159.79,155.38,156.57,153.87,"88,063,200"
"Apr 26, 2022",162.25,162.34,156.72,156.80,154.10,"95,623,200"
"Apr 25, 2022",161.12,163.17,158.46,162.88,160.07,"96,046,400"
"Apr 22, 2022",166.46,167.87,161.50,161.79,159.00,"84,882,400"
"Apr 21, 2022",168.91,171.53,165.91,166.42,163.55,"87,227,800"
"Apr 20, 2022",168.76,168.88,166.10,167.23,164.35,"67,929,800"
"Apr 19, 2022",165.02,167.82,163.91,167.40,164.52,"67,723,800"
"Apr 18, 2022",163.92,166.60,163.57,165.07,162.23,"69,023,900"
"Apr 14, 2022",170.62,171.27,165.04,165.29,162.44,"75,329,400"
"Apr 13, 2022",167.39,171.04,166.77,170.40,167.46,"70,618,900"
"Apr 12, 2022",168.02,169.87,166.64,167.66,164.77,"79,265,200"
"Apr 11, 2022",168.71,169.03,165.50,165.75,162.89,"72,246,700"
"Apr 8, 2022",171.78,171.78,169.20,170.09,167.16,"76,575,500"
"Apr 7, 2022",171.16,173.36,169.85,172.14,169.17,"77,594,700"
"Apr 6, 2022",172.36,173.63,170.13,171.83,168.87,"89,058,800"
"Apr 5, 2022",177.50,178.30,174.42,175.06,172.04,"73,401,800"
"Apr 4, 2022",174.57,178.49,174.44,178.44,175.36,"76,468,400"
"Apr 1, 2022",174.03,174.88,171.94,174.31,171.31,"78,751,300"
"Mar 31, 2022",177.84,178.03,174.40,174.61,171.60,"103,049,300"
"Mar 30, 2022",178.55,179.61,176.70,177.77,174.71,"92,633,200"
"Mar 29, 2022",176.69,179.01,176.34,178.96,175.88,"100,589,400"
"Mar 28, 2022",172.17,175.73,172.00,175.60,172.57,"90,371,900"
"Mar 25, 2022",173.88,175.28,172.75,174.72,171.71,"80,546,200"
"Mar 24, 2022",171.06,174.14,170.21,174.07,171.07,"90,131,400"
"Mar 23, 2022",167.99,172.64,167.65,170.21,167.28,"98,062,700"
"Mar 22, 2022",165.51,169.42,164.91,168.82,165.91,"81,532,000"
"Mar 21, 2022",163.51,166.35,163.01,165.38,162.53,"95,811,400"
"Mar 18, 2022",160.51,164.48,159.76,163.98,161.15,"123,511,700"
"Mar 17, 2022",158.61,161.00,157.63,160.62,157.85,"75,615,400"
"Mar 16, 2022",157.05,160.00,154.46,159.59,156.84,"102,300,200"
"Mar 15, 2022",150.90,155.57,150.38,155.09,152.42,"92,964,300"
"Mar 14, 2022",151.45,154.12,150.10,150.62,148.02,"108,732,100"
"Mar 11, 2022",158.93,159.28,154.50,154.73,152.06,"96,970,100"
"Mar 10, 2022",160.20,160.39,155.98,158.52,155.79,"105,342,000"
"Mar 9, 2022",161.48,163.41,159.41,162.95,160.14,"91,454,900"
"Mar 8, 2022",158.82,162.88,155.80,157.44,154.73,"131,148,300"
"Mar 7, 2022",163.36,165.02,159.04,159.30,156.55,"96,418,800"
"Mar 4, 2022",164.49,165.55,162.10,163.17,160.36,"83,737,200"
"Mar 3, 2022",168.47,168.91,165.55,166.23,163.37,"76,678,400"
"Mar 2, 2022",164.39,167.36,162.95,166.56,163.69,"79,724,800"
"Mar 1, 2022",164.70,166.60,161.97,163.20,160.39,"83,474,400"
"Feb 28, 2022",163.06,165.42,162.43,165.12,162.27,"95,056,600"
"Feb 25, 2022",163.84,165.12,160.87,164.85,162.01,"91,974,200"
"Feb 24, 2022",152.58,162.85,152.00,162.74,159.94,"141,147,500"
"Feb 23, 2022",165.54,166.15,159.75,160.07,157.31,"90,009,200"
"Feb 22, 2022",164.98,166.69,162.15,164.32,161.49,"91,162,800"
"Feb 18, 2022",169.82,170.54,166.19,167.30,164.42,"82,772,700"
"Feb 17, 2022",171.03,171.91,168.47,168.88,165.97,"69,589,300"
"Feb 16, 2022",171.85,173.34,170.05,172.55,169.58,"61,177,400"
"Feb 15, 2022",170.97,172.95,170.25,172.79,169.81,"62,527,400"
"Feb 14, 2022",167.37,169.58,166.56,168.88,165.97,"86,185,500"
"Feb 11, 2022",172.33,173.08,168.04,168.64,165.73,"98,670,700"
"Feb 10, 2022",174.14,175.48,171.55,172.12,169.15,"90,865,900"
"Feb 9, 2022",176.05,176.65,174.90,176.28,173.24,"71,285,000"
"Feb 8, 2022",171.73,175.35,171.43,174.83,171.82,"74,829,200"
"Feb 7, 2022",172.86,173.95,170.95,171.66,168.70,"77,251,200"
"Feb 4, 2022",0.22 Dividend,,,,,
"Feb 4, 2022",171.68,174.10,170.68,172.39,169.42,"82,465,400"
"Feb 3, 2022",174.48,176.24,172.12,172.90,169.70,"89,418,100"
"Feb 2, 2022",174.75,175.88,173.33,175.84,172.59,"84,914,300"
"Feb 1, 2022",174.01,174.84,172.31,174.61,171.38,"86,213,900"
"Jan 31, 2022",170.16,175.00,169.51,174.78,171.55,"115,541,600"
"Jan 28, 2022",165.71,170.35,162.80,170.33,167.18,"179,935,700"
"Jan 27, 2022",162.45,163.84,158.28,159.22,156.28,"121,954,600"
"Jan 26, 2022",163.50,164.39,157.82,159.69,156.74,"108,275,300"
"Jan 25, 2022",158.98,162.76,157.02,159.78,156.83,"115,798,400"
"Jan 24, 2022",160.02,162.30,154.70,161.62,158.63,"162,294,600"
"Jan 21, 2022",164.42,166.33,162.30,162.41,159.41,"122,848,900"
"Jan 20, 2022",166.98,169.68,164.18,164.51,161.47,"91,420,500"
"Jan 19, 2022",170.00,171.08,165.94,166.23,163.16,"94,815,000"
"Jan 18, 2022",171.51,172.54,169.41,169.80,166.66,"90,956,700"
"Jan 14, 2022",171.34,173.78,171.09,173.07,169.87,"80,440,800"
"Jan 13, 2022",175.78,176.62,171.79,172.19,169.01,"84,505,800"
"Jan 12, 2022",176.12,177.18,174.82,175.53,172.29,"74,805,200"
"Jan 11, 2022",172.32,175.18,170.82,175.08,171.84,"76,138,300"
"Jan 10, 2022",169.08,172.50,168.17,172.19,169.01,"106,765,600"
"Jan 7, 2022",172.89,174.14,171.03,172.17,168.99,"86,709,100"
"Jan 6, 2022",172.70,175.30,171.64,172.00,168.82,"96,904,000"
"Jan 5, 2022",179.61,180.17,174.64,174.92,171.69,"94,537,600"
"Jan 4, 2022",182.63,182.94,179.12,179.70,176.38,"99,310,400"
"Jan 3, 2022",177.83,182.88,177.71,182.01,178.65,"104,487,900"
"Dec 31, 2021",178.09,179.23,177.26,177.57,174.29,"64,062,300"
"Dec 30, 2021",179.47,180.57,178.09,178.20,174.91,"59,773,000"
"Dec 29, 2021",179.33,180.63,178.14,179.38,176.06,"62,348,900"
"Dec 28, 2021",180.16,181.33,178.53,179.29,175.98,"79,144,300"
"Dec 27, 2021",177.09,180.42,177.07,180.33,177.00,"74,919,600"
"Dec 23, 2021",175.85,176.85,175.27,176.28,173.02,"68,356,600"
"Dec 22, 2021",173.04,175.86,172.15,175.64,172.39,"92,135,300"
"Dec 21, 2021",171.56,173.20,169.12,172.99,169.79,"91,185,900"
"Dec 20, 2021",168.28,170.58,167.46,169.75,166.61,"107,499,100"
"Dec 17, 2021",169.93,173.47,169.69,171.14,167.98,"195,432,700"
"Dec 16, 2021",179.28,181.14,170.75,172.26,169.08,"150,185,800"
"Dec 15, 2021",175.11,179.50,172.31,179.30,175.99,"131,063,300"
"Dec 14, 2021",175.25,177.74,172.21,174.33,171.11,"139,380,400"
"Dec 13, 2021",181.12,182.13,175.53,175.74,172.49,"153,237,000"
"Dec 10, 2021",175.21,179.63,174.69,179.45,176.13,"115,402,700"
"Dec 9, 2021",174.91,176.75,173.92,174.56,171.33,"108,923,700"
"Dec 8, 2021",172.13,175.96,170.70,175.08,171.84,"116,998,900"
"Dec 7, 2021",169.08,171.58,168.34,171.18,168.02,"120,405,400"
"Dec 6, 2021",164.29,167.88,164.28,165.32,162.26,"107,497,000"
"Dec 3, 2021",164.02,164.96,159.72,161.84,158.85,"118,023,100"
"Dec 2, 2021",158.74,164.20,157.80,163.76,160.73,"136,739,200"
"Dec 1, 2021",167.48,170.30,164.53,164.77,161.72,"152,052,500"
"Nov 30, 2021",159.99,165.52,159.92,165.30,162.24,"174,048,100"
"Nov 29, 2021",159.37,161.19,158.79,160.24,157.28,"88,748,200"
"Nov 26, 2021",159.57,160.45,156.36,156.81,153.91,"76,959,800"
"Nov 24, 2021",160.75,162.14,159.64,161.94,158.95,"69,463,600"
"Nov 23, 2021",161.12,161.80,159.06,161.41,158.43,"96,041,900"
"Nov 22, 2021",161.68,165.70,161.00,161.02,158.04,"117,467,900"
"Nov 19, 2021",157.65,161.02,156.53,160.55,157.58,"117,305,600"
"Nov 18, 2021",153.71,158.67,153.05,157.87,154.95,"137,827,700"
"Nov 17, 2021",151.00,155.00,150.99,153.49,150.65,"88,807,000"
"Nov 16, 2021",149.94,151.49,149.34,151.00,148.21,"59,256,200"
"Nov 15, 2021",150.37,151.88,149.43,150.00,147.23,"59,222,800"
"Nov 12, 2021",148.43,150.40,147.48,149.99,147.22,"63,804,000"
"Nov 11, 2021",148.96,149.43,147.68,147.87,145.14,"41,000,000"
"Nov 10, 2021",150.02,150.13,147.85,147.92,145.19,"65,187,100"
"Nov 9, 2021",150.20,151.43,150.06,150.81,148.02,"56,787,900"
"Nov 8, 2021",151.41,151.57,150.16,150.44,147.66,"55,020,900"
"Nov 5, 2021",0.22 Dividend,,,,,
"Nov 5, 2021",151.89,152.20,150.06,151.28,148.48,"65,463,900"
"Nov 4, 2021",151.58,152.43,150.64,150.96,147.95,"60,394,600"
"Nov 3, 2021",150.39,151.97,149.82,151.49,148.47,"54,511,500"
"Nov 2, 2021",148.66,151.57,148.65,150.02,147.03,"69,122,000"
"Nov 1, 2021",148.99,149.70,147.80,148.96,145.99,"74,588,300"
"Oct 29, 2021",147.22,149.94,146.41,149.80,146.82,"124,953,200"
"Oct 28, 2021",149.82,153.17,149.72,152.57,149.53,"100,077,900"
"Oct 27, 2021",149.36,149.73,148.49,148.85,145.89,"56,094,900"
"Oct 26, 2021",149.33,150.84,149.01,149.32,146.35,"60,893,400"
"Oct 25, 2021",148.68,149.37,147.62,148.64,145.68,"50,720,600"
"Oct 22, 2021",149.69,150.18,148.64,148.69,145.73,"58,883,400"
"Oct 21, 2021",148.81,149.64,147.87,149.48,146.50,"61,421,000"
"Oct 20, 2021",148.70,149.75,148.12,149.26,146.29,"58,418,800"
"Oct 19, 2021",147.01,149.17,146.55,148.76,145.80,"76,378,900"
"Oct 18, 2021",143.45,146.84,143.16,146.55,143.63,"85,589,200"
"Oct 15, 2021",143.77,144.90,143.51,144.84,141.96,"67,940,300"
"Oct 14, 2021",142.11,143.88,141.51,143.76,140.90,"69,907,100"
"Oct 13, 2021",141.24,141.40,139.20,140.91,138.10,"78,762,700"
"Oct 12, 2021",143.23,143.25,141.04,141.51,138.69,"73,035,900"
"Oct 11, 2021",142.27,144.81,141.81,142.81,139.97,"64,452,200"
"Oct 8, 2021",144.03,144.18,142.56,142.90,140.05,"58,773,200"
"Oct 7, 2021",143.06,144.22,142.72,143.29,140.44,"61,732,700"
"Oct 6, 2021",139.47,142.15,138.37,142.00,139.17,"83,221,100"
"Oct 5, 2021",139.49,142.24,139.36,141.11,138.30,"80,861,100"
"Oct 4, 2021",141.76,142.21,138.27,139.14,136.37,"98,322,000"
"Oct 1, 2021",141.90,142.92,139.11,142.65,139.81,"94,639,600"
"Sep 30, 2021",143.66,144.38,141.28,141.50,138.68,"89,056,700"
"Sep 29, 2021",142.47,144.45,142.03,142.83,139.99,"74,602,000"
"Sep 28, 2021",143.25,144.75,141.69,141.91,139.08,"108,972,300"
"Sep 27, 2021",145.47,145.96,143.82,145.37,142.47,"74,150,700"
"Sep 24, 2021",145.66,147.47,145.56,146.92,143.99,"53,477,900"
"Sep 23, 2021",146.65,147.08,145.64,146.83,143.91,"64,838,200"
"Sep 22, 2021",144.45,146.43,143.70,145.85,142.95,"76,404,300"
"Sep 21, 2021",143.93,144.60,142.78,143.43,140.57,"75,834,000"
"Sep 20, 2021",143.80,144.84,141.27,142.94,140.09,"123,478,900"
"Sep 17, 2021",148.82,148.82,145.76,146.06,143.15,"129,868,800"
"Sep 16, 2021",148.44,148.97,147.22,148.79,145.83,"68,034,100"
"Sep 15, 2021",148.56,149.44,146.37,149.03,146.06,"83,281,300"
"Sep 14, 2021",150.35,151.07,146.91,148.12,145.17,"109,296,300"
"Sep 13, 2021",150.63,151.42,148.75,149.55,146.57,"102,404,300"
"Sep 10, 2021",155.00,155.48,148.70,148.97,146.00,"140,893,200"
"Sep 9, 2021",155.49,156.11,153.95,154.07,151.00,"57,305,700"
"Sep 8, 2021",156.98,157.04,153.98,155.11,152.02,"74,420,200"
"Sep 7, 2021",154.97,157.26,154.39,156.69,153.57,"82,278,300"
"Sep 3, 2021",153.76,154.63,153.09,154.30,151.23,"57,808,700"
"Sep 2, 2021",153.87,154.72,152.40,153.65,150.59,"71,115,500"
"Sep 1, 2021",152.83,154.98,152.34,152.51,149.47,"80,313,700"
"Aug 31, 2021",152.66,152.80,151.29,151.83,148.81,"86,453,100"
"Aug 30, 2021",149.00,153.49,148.61,153.12,150.07,"90,956,700"
"Aug 27, 2021",147.48,148.75,146.83,148.60,145.64,"55,802,400"
"Aug 26, 2021",148.35,149.12,147.51,147.54,144.60,"48,597,200"
"Aug 25, 2021",149.81,150.32,147.80,148.36,145.41,"58,991,300"
"Aug 24, 2021",149.45,150.86,149.15,149.62,146.64,"48,606,400"
"Aug 23, 2021",148.31,150.19,147.89,149.71,146.73,"60,131,800"
"Aug 20, 2021",147.44,148.50,146.78,148.19,145.24,"60,549,600"
"Aug 19, 2021",145.03,148.00,144.50,146.70,143.78,"86,960,300"
"Aug 18, 2021",149.80,150.72,146.15,146.36,143.45,"86,326,000"
"Aug 17, 2021",150.23,151.68,149.09,150.19,147.20,"92,229,700"
"Aug 16, 2021",148.54,151.19,146.47,151.12,148.11,"103,296,000"
"Aug 13, 2021",148.97,149.44,148.27,149.10,146.13,"59,375,000"
"Aug 12, 2021",146.19,149.05,145.84,148.89,145.92,"72,282,600"
"Aug 11, 2021",146.05,146.72,145.53,145.86,142.96,"48,493,500"
"Aug 10, 2021",146.44,147.71,145.30,145.60,142.70,"69,023,100"
"Aug 9, 2021",146.20,146.70,145.52,146.09,143.18,"48,908,700"
"Aug 6, 2021",0.22 Dividend,,,,,
"Aug 6, 2021",146.35,147.11,145.63,146.14,143.23,"54,126,800"
"Aug 5, 2021",146.98,147.84,146.17,147.06,143.92,"46,397,700"
"Aug 4, 2021",147.27,147.79,146.28,146.95,143.81,"56,368,300"
"Aug 3, 2021",145.81,148.04,145.18,147.36,144.21,"64,786,600"
"Aug 2, 2021",146.36,146.95,145.25,145.52,142.41,"62,880,000"
"Jul 30, 2021",144.38,146.33,144.11,145.86,142.74,"70,440,600"
"Jul 29, 2021",144.69,146.55,144.58,145.64,142.53,"56,699,500"
"Jul 28, 2021",144.81,146.97,142.54,144.98,141.88,"118,931,200"
"Jul 27, 2021",149.12,149.21,145.55,146.77,143.63,"104,818,600"
"Jul 26, 2021",148.27,149.83,147.70,148.99,145.80,"72,434,100"
"Jul 23, 2021",147.55,148.72,146.92,148.56,145.38,"71,447,400"
"Jul 22, 2021",145.94,148.20,145.81,146.80,143.66,"77,338,200"
"Jul 21, 2021",145.53,146.13,144.63,145.40,142.29,"74,993,500"
"Jul 20, 2021",143.46,147.10,142.96,146.15,143.03,"96,350,000"
"Jul 19, 2021",143.75,144.07,141.67,142.45,139.40,"121,434,600"
"Jul 16, 2021",148.46,149.76,145.88,146.39,143.26,"93,251,400"
"Jul 15, 2021",149.24,150.00,147.09,148.48,145.31,"106,820,300"
"Jul 14, 2021",148.10,149.57,147.68,149.15,145.96,"127,050,800"
"Jul 13, 2021",144.03,147.46,143.63,145.64,142.53,"100,827,100"
"Jul 12, 2021",146.21,146.32,144.00,144.50,141.41,"76,299,700"
"Jul 9, 2021",142.75,145.65,142.65,145.11,142.01,"99,890,800"
"Jul 8, 2021",141.58,144.06,140.67,143.24,140.18,"105,575,500"
"Jul 7, 2021",143.54,144.89,142.66,144.57,141.48,"104,911,600"
"Jul 6, 2021",140.07,143.15,140.07,142.02,138.98,"108,181,800"
"Jul 2, 2021",137.90,140.00,137.75,139.96,136.97,"78,852,600"
"Jul 1, 2021",136.60,137.33,135.76,137.27,134.34,"52,485,800"
"Jun 30, 2021",136.17,137.41,135.87,136.96,134.03,"63,261,400"
"Jun 29, 2021",134.80,136.49,134.35,136.33,133.42,"64,556,100"
"Jun 28, 2021",133.41,135.25,133.35,134.78,131.90,"62,111,300"
"Jun 25, 2021",133.46,133.89,132.81,133.11,130.26,"70,783,700"
"Jun 24, 2021",134.45,134.64,132.93,133.41,130.56,"68,711,000"
"Jun 23, 2021",133.77,134.32,133.23,133.70,130.84,"60,214,200"
"Jun 22, 2021",132.13,134.08,131.62,133.98,131.12,"74,783,600"
"Jun 21, 2021",130.30,132.41,129.21,132.30,129.47,"79,663,300"
"Jun 18, 2021",130.71,131.51,130.24,130.46,127.67,"108,953,300"
"Jun 17, 2021",129.80,132.55,129.65,131.79,128.97,"96,721,700"
"Jun 16, 2021",130.37,130.89,128.46,130.15,127.37,"91,815,000"
"Jun 15, 2021",129.94,130.60,129.39,129.64,126.87,"62,746,300"
"Jun 14, 2021",127.82,130.54,127.07,130.48,127.69,"96,906,500"
"Jun 11, 2021",126.53,127.44,126.10,127.35,124.63,"53,522,400"
"Jun 10, 2021",127.02,128.19,125.94,126.11,123.41,"71,186,400"
"Jun 9, 2021",127.21,127.75,126.52,127.13,124.41,"56,877,900"
"Jun 8, 2021",126.60,128.46,126.21,126.74,124.03,"74,403,800"
"Jun 7, 2021",126.17,126.32,124.83,125.90,123.21,"71,057,600"
"Jun 4, 2021",124.07,126.16,123.85,125.89,123.20,"75,169,300"
"Jun 3, 2021",124.68,124.85,123.13,123.54,120.90,"76,229,200"
"Jun 2, 2021",124.28,125.24,124.05,125.06,122.39,"59,278,900"
"Jun 1, 2021",125.08,125.35,123.94,124.28,121.62,"67,637,100"
"May 28, 2021",125.57,125.80,124.55,124.61,121.95,"71,311,100"
"May 27, 2021",126.44,127.64,125.08,125.28,122.60,"94,625,600"
"May 26, 2021",126.96,127.39,126.42,126.85,124.14,"56,575,900"
"May 25, 2021",127.82,128.32,126.32,126.90,124.19,"72,009,500"
"May 24, 2021",126.01,127.94,125.94,127.10,124.38,"63,092,900"
"May 21, 2021",127.82,128.00,125.21,125.43,122.75,"79,295,400"
"May 20, 2021",125.23,127.72,125.10,127.31,124.59,"76,857,100"
"May 19, 2021",123.16,124.92,122.86,124.69,122.02,"92,612,000"
"May 18, 2021",126.56,126.99,124.78,124.85,122.18,"63,342,900"
"May 17, 2021",126.82,126.93,125.17,126.27,123.57,"74,244,600"
"May 14, 2021",126.25,127.89,125.85,127.45,124.72,"81,918,000"
"May 13, 2021",124.58,126.15,124.26,124.97,122.30,"105,861,300"
"May 12, 2021",123.40,124.64,122.25,122.77,120.15,"112,172,300"
"May 11, 2021",123.50,126.27,122.77,125.91,123.22,"126,142,800"
"May 10, 2021",129.41,129.54,126.81,126.85,124.14,"88,071,200"
"May 7, 2021",0.22 Dividend,,,,,
"May 7, 2021",130.85,131.26,129.48,130.21,127.43,"78,973,300"
"May 6, 2021",127.89,129.75,127.13,129.74,126.75,"78,128,300"
"May 5, 2021",129.20,130.45,127.97,128.10,125.15,"84,000,900"
"May 4, 2021",131.19,131.49,126.70,127.85,124.90,"137,564,700"
"May 3, 2021",132.04,134.07,131.83,132.54,129.49,"75,135,100"
"Apr 30, 2021",131.78,133.56,131.07,131.46,128.43,"109,839,500"
"Apr 29, 2021",136.47,137.07,132.45,133.48,130.40,"151,101,000"
"Apr 28, 2021",134.31,135.02,133.08,133.58,130.50,"107,760,100"
"Apr 27, 2021",135.01,135.41,134.11,134.39,131.29,"66,015,800"
"Apr 26, 2021",134.83,135.06,133.56,134.72,131.62,"66,905,100"
"Apr 23, 2021",132.16,135.12,132.16,134.32,131.23,"78,657,500"
"Apr 22, 2021",133.04,134.15,131.41,131.94,128.90,"84,566,500"
"Apr 21, 2021",132.36,133.75,131.30,133.50,130.42,"68,847,100"
"Apr 20, 2021",135.02,135.53,131.81,133.11,130.04,"94,812,300"
"Apr 19, 2021",133.51,135.47,133.34,134.84,131.73,"94,264,200"
"Apr 16, 2021",134.30,134.67,133.28,134.16,131.07,"84,922,400"
"Apr 15, 2021",133.82,135.00,133.64,134.50,131.40,"89,347,100"
"Apr 14, 2021",134.94,135.00,131.66,132.03,128.99,"87,222,800"
"Apr 13, 2021",132.44,134.66,131.93,134.43,131.33,"91,266,500"
"Apr 12, 2021",132.52,132.85,130.63,131.24,128.22,"91,420,000"
"Apr 9, 2021",129.80,133.04,129.47,133.00,129.94,"106,686,700"
"Apr 8, 2021",128.95,130.39,128.52,130.36,127.36,"88,844,600"
"Apr 7, 2021",125.83,127.92,125.14,127.90,124.95,"83,466,700"
"Apr 6, 2021",126.50,127.13,125.65,126.21,123.30,"80,171,300"
"Apr 5, 2021",123.87,126.16,123.07,125.90,123.00,"88,651,200"
"Apr 1, 2021",123.66,124.18,122.49,123.00,120.17,"75,089,100"
"Mar 31, 2021",121.65,123.52,121.15,122.15,119.34,"118,323,800"
"Mar 30, 2021",120.11,120.40,118.86,119.90,117.14,"85,671,900"
"Mar 29, 2021",121.65,122.58,120.73,121.39,118.59,"80,819,200"
"Mar 26, 2021",120.35,121.48,118.92,121.21,118.42,"94,071,200"
"Mar 25, 2021",119.54,121.66,119.00,120.59,117.81,"98,844,700"
"Mar 24, 2021",122.82,122.90,120.07,120.09,117.32,"88,530,500"
"Mar 23, 2021",123.33,124.24,122.14,122.54,119.72,"95,467,100"
"Mar 22, 2021",120.33,123.87,120.26,123.39,120.55,"111,912,300"
"Mar 19, 2021",119.90,121.43,119.68,119.99,117.23,"185,549,500"
"Mar 18, 2021",122.88,123.18,120.32,120.53,117.75,"121,229,700"
"Mar 17, 2021",124.05,125.86,122.34,124.76,121.89,"111,932,600"
"Mar 16, 2021",125.70,127.22,124.72,125.57,122.68,"115,227,900"
"Mar 15, 2021",121.41,124.00,120.42,123.99,121.13,"92,403,800"
"Mar 12, 2021",120.40,121.17,119.16,121.03,118.24,"88,105,100"
"Mar 11, 2021",122.54,123.21,121.26,121.96,119.15,"103,026,500"
"Mar 10, 2021",121.69,122.17,119.45,119.98,117.22,"111,943,300"
"Mar 9, 2021",119.03,122.06,118.79,121.09,118.30,"129,525,800"
"Mar 8, 2021",120.93,121.00,116.21,116.36,113.68,"154,376,600"
"Mar 5, 2021",120.98,121.94,117.57,121.42,118.62,"153,766,600"
"Mar 4, 2021",121.75,123.60,118.62,120.13,117.36,"178,155,000"
"Mar 3, 2021",124.81,125.71,121.84,122.06,119.25,"112,966,300"
"Mar 2, 2021",128.41,128.72,125.01,125.12,122.24,"102,260,900"
"Mar 1, 2021",123.75,127.93,122.79,127.79,124.85,"116,307,900"
"Feb 26, 2021",122.59,124.85,121.20,121.26,118.47,"164,560,400"
"Feb 25, 2021",124.68,126.46,120.54,120.99,118.20,"148,199,500"
"Feb 24, 2021",124.94,125.56,122.23,125.35,122.46,"111,039,900"
"Feb 23, 2021",123.76,126.71,118.39,125.86,122.96,"158,273,000"
"Feb 22, 2021",128.01,129.72,125.60,126.00,123.10,"103,916,400"
"Feb 19, 2021",130.24,130.71,128.80,129.87,126.88,"87,668,800"
"Feb 18, 2021",129.20,130.00,127.41,129.71,126.72,"96,856,700"
"Feb 17, 2021",131.25,132.22,129.47,130.84,127.83,"97,918,500"
"Feb 16, 2021",135.49,136.01,132.79,133.19,130.12,"80,576,300"
"Feb 12, 2021",134.35,135.53,133.69,135.37,132.25,"60,145,100"
"Feb 11, 2021",135.90,136.39,133.77,135.13,132.02,"64,280,000"
"Feb 10, 2021",136.48,136.99,134.40,135.39,132.27,"73,046,600"
"Feb 9, 2021",136.62,137.88,135.85,136.01,132.88,"76,774,200"
"Feb 8, 2021",136.03,136.96,134.92,136.91,133.76,"71,297,200"
"Feb 5, 2021",0.205 Dividend,,,,,
"Feb 5, 2021",137.35,137.42,135.86,136.76,133.61,"75,693,800"
"Feb 4, 2021",136.30,137.40,134.59,137.39,134.02,"84,183,100"
"Feb 3, 2021",135.76,135.77,133.61,133.94,130.66,"89,880,900"
"Feb 2, 2021",135.73,136.31,134.61,134.99,131.68,"83,305,400"
"Feb 1, 2021",133.75,135.38,130.93,134.14,130.85,"106,239,800"
"Jan 29, 2021",135.83,136.74,130.21,131.96,128.73,"177,523,800"
"Jan 28, 2021",139.52,141.99,136.70,137.09,133.73,"142,621,100"
"Jan 27, 2021",143.43,144.30,140.41,142.06,138.58,"140,843,800"
"Jan 26, 2021",143.60,144.30,141.37,143.16,139.65,"98,390,600"
"Jan 25, 2021",143.07,145.09,136.54,142.92,139.42,"157,611,700"
"Jan 22, 2021",136.28,139.85,135.02,139.07,135.66,"114,459,400"
"Jan 21, 2021",133.80,139.67,133.59,136.87,133.52,"120,150,900"
"Jan 20, 2021",128.66,132.49,128.55,132.03,128.80,"104,319,500"
"Jan 19, 2021",127.78,128.71,126.94,127.83,124.70,"90,757,300"
"Jan 15, 2021",128.78,130.22,127.00,127.14,124.03,"111,598,500"
"Jan 14, 2021",130.80,131.00,128.76,128.91,125.75,"90,221,800"
"Jan 13, 2021",128.76,131.45,128.49,130.89,127.68,"88,636,800"
"Jan 12, 2021",128.50,129.69,126.86,128.80,125.64,"91,951,100"
"Jan 11, 2021",129.19,130.17,128.50,128.98,125.82,"100,384,500"
"Jan 8, 2021",132.43,132.63,130.23,132.05,128.82,"105,158,200"
"Jan 7, 2021",128.36,131.63,127.86,130.92,127.71,"109,578,200"
"Jan 6, 2021",127.72,131.05,126.38,126.60,123.50,"155,088,000"
"Jan 5, 2021",128.89,131.74,128.43,131.01,127.80,"97,664,900"
"Jan 4, 2021",133.52,133.61,126.76,129.41,126.24,"143,301,900"
"Dec 31, 2020",134.08,134.74,131.72,132.69,129.44,"99,116,600"
"Dec 30, 2020",135.58,135.99,133.40,133.72,130.44,"96,452,100"
"Dec 29, 2020",138.05,138.79,134.34,134.87,131.57,"121,047,300"
"Dec 28, 2020",133.99,137.34,133.51,136.69,133.34,"124,486,200"
"Dec 24, 2020",131.32,133.46,131.10,131.97,128.74,"54,930,100"
"Dec 23, 2020",132.16,132.43,130.78,130.96,127.75,"88,223,700"
"Dec 22, 2020",131.61,134.41,129.65,131.88,128.65,"168,904,800"
"Dec 21, 2020",125.02,128.31,123.45,128.23,125.09,"121,251,600"
"Dec 18, 2020",128.96,129.10,126.12,126.66,123.56,"192,541,500"
"Dec 17, 2020",128.90,129.58,128.04,128.70,125.55,"94,359,800"
"Dec 16, 2020",127.41,128.37,126.56,127.81,124.68,"98,208,600"
"Dec 15, 2020",124.34,127.90,124.13,127.88,124.75,"157,243,700"
"Dec 14, 2020",122.60,123.35,121.54,121.78,118.80,"79,184,500"
"Dec 11, 2020",122.43,122.76,120.55,122.41,119.41,"86,939,800"
"Dec 10, 2020",120.50,123.87,120.15,123.24,120.22,"81,312,200"
"Dec 9, 2020",124.53,125.95,121.00,121.78,118.80,"115,089,200"
"Dec 8, 2020",124.37,124.98,123.09,124.38,121.33,"82,225,500"
"Dec 7, 2020",122.31,124.57,122.25,123.75,120.72,"86,712,000"
"Dec 4, 2020",122.60,122.86,121.52,122.25,119.26,"78,260,400"
"Dec 3, 2020",123.52,123.78,122.21,122.94,119.93,"78,967,600"
"Dec 2, 2020",122.02,123.37,120.89,123.08,120.06,"89,004,200"
"Dec 1, 2020",121.01,123.47,120.01,122.72,119.71,"127,728,200"
"Nov 30, 2020",116.97,120.97,116.81,119.05,116.13,"169,410,200"
"Nov 27, 2020",116.57,117.49,116.22,116.59,113.73,"46,691,300"
"Nov 25, 2020",115.55,116.75,115.17,116.03,113.19,"76,499,200"
"Nov 24, 2020",113.91,115.85,112.59,115.17,112.35,"113,874,200"
"Nov 23, 2020",117.18,117.62,113.75,113.85,111.06,"127,959,300"
"Nov 20, 2020",118.64,118.77,117.29,117.34,114.47,"73,604,300"
"Nov 19, 2020",117.59,119.06,116.81,118.64,115.73,"74,113,000"
"Nov 18, 2020",118.61,119.82,118.00,118.03,115.14,"76,322,100"
"Nov 17, 2020",119.55,120.67,118.96,119.39,116.47,"74,271,000"
"Nov 16, 2020",118.92,120.99,118.15,120.30,117.35,"91,183,000"
"Nov 13, 2020",119.44,119.67,117.87,119.26,116.34,"81,581,900"
"Nov 12, 2020",119.62,120.53,118.57,119.21,116.29,"103,162,300"
"Nov 11, 2020",117.19,119.63,116.44,119.49,116.56,"112,295,000"
"Nov 10, 2020",115.55,117.59,114.13,115.97,113.13,"138,023,400"
"Nov 9, 2020",120.50,121.99,116.05,116.32,113.47,"154,515,300"
"Nov 6, 2020",0.205 Dividend,,,,,
"Nov 6, 2020",118.32,119.20,116.13,118.69,115.78,"114,457,900"
"Nov 5, 2020",117.95,119.62,116.87,119.03,115.91,"126,387,100"
"Nov 4, 2020",114.14,115.59,112.35,114.95,111.94,"138,235,500"
"Nov 3, 2020",109.66,111.49,108.73,110.44,107.55,"107,624,400"
"Nov 2, 2020",109.11,110.68,107.32,108.77,105.92,"122,866,900"
"Oct 30, 2020",111.06,111.99,107.72,108.86,106.01,"190,272,600"
"Oct 29, 2020",112.37,116.93,112.20,115.32,112.30,"146,129,200"
"Oct 28, 2020",115.05,115.43,111.10,111.20,108.29,"143,937,800"
"Oct 27, 2020",115.49,117.28,114.54,116.60,113.55,"92,276,800"
"Oct 26, 2020",114.01,116.55,112.88,115.05,112.04,"111,850,700"
"Oct 23, 2020",116.39,116.55,114.28,115.04,112.03,"82,572,600"
"Oct 22, 2020",117.45,118.04,114.59,115.75,112.72,"101,988,000"
"Oct 21, 2020",116.67,118.71,116.45,116.87,113.81,"89,946,000"
"Oct 20, 2020",116.20,118.98,115.63,117.51,114.43,"124,423,700"
"Oct 19, 2020",119.96,120.42,115.66,115.98,112.94,"120,639,300"
"Oct 16, 2020",121.28,121.55,118.81,119.02,115.90,"115,393,800"
"Oct 15, 2020",118.72,121.20,118.15,120.71,117.55,"112,559,200"
"Oct 14, 2020",121.00,123.03,119.62,121.19,118.02,"150,712,000"
"Oct 13, 2020",125.27,125.39,119.65,121.10,117.93,"262,330,500"
"Oct 12, 2020",120.06,125.18,119.28,124.40,121.14,"240,226,800"
"Oct 9, 2020",115.28,117.00,114.92,116.97,113.91,"100,506,900"
"Oct 8, 2020",116.25,116.40,114.59,114.97,111.96,"83,477,200"
"Oct 7, 2020",114.62,115.55,114.13,115.08,112.07,"96,849,000"
"Oct 6, 2020",115.70,116.12,112.25,113.16,110.20,"161,498,200"
"Oct 5, 2020",113.91,116.65,113.55,116.50,113.45,"106,243,800"
"Oct 2, 2020",112.89,115.37,112.22,113.02,110.06,"144,712,000"
"Oct 1, 2020",117.64,117.72,115.83,116.79,113.73,"116,120,400"
"Sep 30, 2020",113.79,117.26,113.62,115.81,112.78,"142,675,200"
"Sep 29, 2020",114.55,115.31,113.57,114.09,111.10,"99,382,200"
"Sep 28, 2020",115.01,115.32,112.78,114.96,111.95,"137,672,400"
"Sep 25, 2020",108.43,112.44,107.67,112.28,109.34,"149,981,400"
"Sep 24, 2020",105.17,110.25,105.00,108.22,105.39,"167,743,300"
"Sep 23, 2020",111.62,112.11,106.77,107.12,104.32,"150,718,700"
"Sep 22, 2020",112.68,112.86,109.16,111.81,108.88,"183,055,400"
"Sep 21, 2020",104.54,110.19,103.10,110.08,107.20,"195,713,800"
"Sep 18, 2020",110.40,110.88,106.09,106.84,104.04,"287,104,900"
"Sep 17, 2020",109.72,112.20,108.71,110.34,107.45,"178,011,000"
"Sep 16, 2020",115.23,116.00,112.04,112.13,109.19,"154,679,000"
"Sep 15, 2020",118.33,118.83,113.61,115.54,112.52,"184,642,000"
"Sep 14, 2020",114.72,115.93,112.80,115.36,112.34,"140,150,100"
"Sep 11, 2020",114.57,115.23,110.00,112.00,109.07,"180,860,300"
"Sep 10, 2020",120.36,120.50,112.50,113.49,110.52,"182,274,400"
"Sep 9, 2020",117.26,119.14,115.26,117.32,114.25,"176,940,500"
"Sep 8, 2020",113.95,118.99,112.68,112.82,109.87,"231,366,600"
"Sep 4, 2020",120.07,123.70,110.89,120.96,117.79,"332,607,200"
"Sep 3, 2020",126.91,128.84,120.50,120.88,117.72,"257,599,600"
"Sep 2, 2020",137.59,137.98,127.00,131.40,127.96,"200,119,000"
"Sep 1, 2020",132.76,134.80,130.53,134.18,130.67,"151,948,100"
"Aug 31, 2020",4:1 Stock Splits,,,,,
"Aug 31, 2020",127.58,131.00,126.00,129.04,125.66,"225,702,700"
"Aug 28, 2020",126.01,126.44,124.58,124.81,121.54,"187,630,000"
"Aug 27, 2020",127.14,127.49,123.83,125.01,121.74,"155,552,400"
"Aug 26, 2020",126.18,126.99,125.08,126.52,123.21,"163,022,400"
"Aug 25, 2020",124.70,125.18,123.05,124.82,121.56,"211,495,600"
"Aug 24, 2020",128.70,128.79,123.94,125.86,122.56,"345,937,600"
"Aug 21, 2020",119.26,124.87,119.25,124.37,121.11,"338,054,800"
"Aug 20, 2020",115.75,118.39,115.73,118.28,115.18,"126,907,200"
"Aug 19, 2020",115.98,117.16,115.61,115.71,112.68,"145,538,000"
"Aug 18, 2020",114.35,116.00,114.01,115.56,112.54,"105,633,600"
"Aug 17, 2020",116.06,116.09,113.96,114.61,111.61,"119,561,600"
"Aug 14, 2020",114.83,115.00,113.04,114.91,111.90,"165,565,200"
"Aug 13, 2020",114.43,116.04,113.93,115.01,112.00,"210,082,000"
"Aug 12, 2020",110.50,113.28,110.30,113.01,110.05,"165,598,000"
"Aug 11, 2020",111.97,112.48,109.11,109.38,106.51,"187,902,400"
"Aug 10, 2020",112.60,113.78,110.00,112.73,109.78,"212,403,600"
"Aug 7, 2020",0.205 Dividend,,,,,
"Aug 7, 2020",113.21,113.68,110.29,111.11,108.20,"198,045,600"
"Aug 6, 2020",110.40,114.41,109.80,113.90,110.72,"202,428,800"
"Aug 5, 2020",109.38,110.39,108.90,110.06,106.99,"121,776,800"
"Aug 4, 2020",109.13,110.79,108.39,109.67,106.60,"173,071,600"
"Aug 3, 2020",108.20,111.64,107.89,108.94,105.89,"308,151,200"
"Jul 31, 2020",102.89,106.42,100.82,106.26,103.29,"374,336,800"
"Jul 30, 2020",94.19,96.30,93.77,96.19,93.50,"158,130,000"
"Jul 29, 2020",93.75,95.23,93.71,95.04,92.39,"90,329,200"
"Jul 28, 2020",94.37,94.55,93.25,93.25,90.65,"103,625,600"
"Jul 27, 2020",93.71,94.90,93.48,94.81,92.16,"121,214,000"
"Jul 24, 2020",90.99,92.97,89.14,92.61,90.03,"185,438,800"
"Jul 23, 2020",97.00,97.08,92.01,92.85,90.25,"197,004,400"
"Jul 22, 2020",96.69,97.97,96.60,97.27,94.56,"89,001,600"
"Jul 21, 2020",99.17,99.25,96.74,97.00,94.29,"103,433,200"
"Jul 20, 2020",96.42,98.50,96.06,98.36,95.61,"90,318,000"
"Jul 17, 2020",96.99,97.15,95.84,96.33,93.64,"92,186,800"
"Jul 16, 2020",96.56,97.40,95.90,96.52,93.83,"110,577,600"
"Jul 15, 2020",98.99,99.25,96.49,97.72,95.00,"153,198,000"
"Jul 14, 2020",94.84,97.25,93.88,97.06,94.35,"170,989,200"
"Jul 13, 2020",97.26,99.96,95.26,95.48,92.81,"191,649,200"
"Jul 10, 2020",95.33,95.98,94.71,95.92,93.24,"90,257,200"
"Jul 9, 2020",96.26,96.32,94.67,95.75,93.08,"125,642,800"
"Jul 8, 2020",94.18,95.38,94.09,95.34,92.68,"117,092,000"
"Jul 7, 2020",93.85,94.65,93.06,93.17,90.57,"112,424,400"
"Jul 6, 2020",92.50,93.94,92.47,93.46,90.85,"118,655,600"
"Jul 2, 2020",91.96,92.62,90.91,91.03,88.48,"114,041,600"
"Jul 1, 2020",91.28,91.84,90.98,91.03,88.48,"110,737,200"
"Jun 30, 2020",90.02,91.50,90.00,91.20,88.65,"140,223,200"
"Jun 29, 2020",88.31,90.54,87.82,90.44,87.92,"130,646,000"
"Jun 26, 2020",91.10,91.33,88.25,88.41,85.94,"205,256,800"
"Jun 25, 2020",90.18,91.25,89.39,91.21,88.66,"137,522,400"
"Jun 24, 2020",91.25,92.20,89.63,90.01,87.50,"192,623,200"
"Jun 23, 2020",91.00,93.10,90.57,91.63,89.07,"212,155,600"
"Jun 22, 2020",87.83,89.86,87.79,89.72,87.21,"135,445,200"
"Jun 19, 2020",88.66,89.14,86.29,87.43,84.99,"264,476,000"
"Jun 18, 2020",87.85,88.36,87.31,87.93,85.48,"96,820,400"
"Jun 17, 2020",88.79,88.85,87.77,87.90,85.44,"114,406,400"
"Jun 16, 2020",87.86,88.30,86.18,88.02,85.56,"165,428,800"
"Jun 15, 2020",83.31,86.42,83.14,85.75,83.35,"138,808,800"
"Jun 12, 2020",86.18,86.95,83.56,84.70,82.33,"200,146,000"
"Jun 11, 2020",87.33,87.76,83.87,83.97,81.63,"201,662,400"
"Jun 10, 2020",86.97,88.69,86.52,88.21,85.75,"166,651,600"
"Jun 9, 2020",83.04,86.40,83.00,86.00,83.60,"147,712,400"
"Jun 8, 2020",82.56,83.40,81.83,83.36,81.04,"95,654,400"
"Jun 5, 2020",80.84,82.94,80.81,82.88,80.56,"137,250,400"
"Jun 4, 2020",81.10,81.40,80.19,80.58,78.33,"87,560,400"
"Jun 3, 2020",81.17,81.55,80.57,81.28,79.01,"104,491,200"
"Jun 2, 2020",80.19,80.86,79.73,80.83,78.58,"87,642,800"
"Jun 1, 2020",79.44,80.59,79.30,80.46,78.22,"80,791,200"
"May 29, 2020",79.81,80.29,79.12,79.49,77.26,"153,532,400"
"May 28, 2020",79.19,80.86,78.91,79.56,77.34,"133,560,800"
"May 27, 2020",79.04,79.68,78.27,79.53,77.31,"112,945,200"
"May 26, 2020",80.88,81.06,79.13,79.18,76.97,"125,522,000"
"May 22, 2020",78.94,79.81,78.84,79.72,77.50,"81,803,200"
"May 21, 2020",79.67,80.22,78.97,79.21,77.00,"102,688,800"
"May 20, 2020",79.17,79.88,79.13,79.81,77.58,"111,504,800"
"May 19, 2020",78.76,79.63,78.25,78.29,76.10,"101,729,600"
"May 18, 2020",78.29,79.13,77.58,78.74,76.54,"135,178,400"
"May 15, 2020",75.09,76.97,75.05,76.93,74.78,"166,348,400"
"May 14, 2020",76.13,77.45,75.38,77.39,75.22,"158,929,200"
"May 13, 2020",78.04,78.99,75.80,76.91,74.76,"200,622,400"
"May 12, 2020",79.46,79.92,77.73,77.85,75.68,"162,301,200"
"May 11, 2020",77.03,79.26,76.81,78.75,76.55,"145,946,400"
"May 8, 2020",0.205 Dividend,,,,,
"May 8, 2020",76.41,77.59,76.07,77.53,75.37,"133,838,400"
"May 7, 2020",75.81,76.29,75.49,75.93,73.61,"115,215,200"
"May 6, 2020",75.11,75.81,74.72,75.16,72.86,"142,333,600"
"May 5, 2020",73.76,75.25,73.61,74.39,72.12,"147,751,200"
"May 4, 2020",72.29,73.42,71.58,73.29,71.05,"133,568,000"
"May 1, 2020",71.56,74.75,71.46,72.27,70.06,"240,616,800"
"Apr 30, 2020",72.49,73.63,72.09,73.45,71.21,"183,064,000"
"Apr 29, 2020",71.18,72.42,70.97,71.93,69.73,"137,280,800"
"Apr 28, 2020",71.27,71.46,69.55,69.64,67.52,"112,004,800"
"Apr 27, 2020",70.45,71.14,69.99,70.79,68.63,"117,087,600"
"Apr 24, 2020",69.30,70.75,69.25,70.74,68.58,"126,161,200"
"Apr 23, 2020",68.97,70.44,68.72,68.76,66.66,"124,814,400"
"Apr 22, 2020",68.40,69.47,68.05,69.03,66.92,"116,862,400"
"Apr 21, 2020",69.07,69.31,66.36,67.09,65.04,"180,991,600"
"Apr 20, 2020",69.49,70.42,69.21,69.23,67.12,"130,015,200"
"Apr 17, 2020",71.17,71.74,69.21,70.70,68.54,"215,250,000"
"Apr 16, 2020",71.85,72.05,70.59,71.67,69.48,"157,125,200"
"Apr 15, 2020",70.60,71.58,70.16,71.11,68.93,"131,154,400"
"Apr 14, 2020",70.00,72.06,69.51,71.76,69.57,"194,994,800"
"Apr 13, 2020",67.08,68.43,66.46,68.31,66.23,"131,022,800"
"Apr 9, 2020",67.18,67.52,66.18,67.00,64.95,"161,834,800"
"Apr 8, 2020",65.68,66.84,65.31,66.52,64.49,"168,895,200"
"Apr 7, 2020",67.70,67.93,64.75,64.86,62.88,"202,887,200"
"Apr 6, 2020",62.72,65.78,62.35,65.62,63.61,"201,820,400"
"Apr 3, 2020",60.70,61.42,59.74,60.35,58.51,"129,880,000"
"Apr 2, 2020",60.08,61.29,59.22,61.23,59.36,"165,934,000"
"Apr 1, 2020",61.63,62.18,59.78,60.23,58.39,"176,218,400"